영상ID,제목,조회수,댓글수,좋아요수,게시일,썸네일,영상설명,바이럴지표
aQmPii0oqCs,[ACNH]DUMB DUMB,45126319,5672,1075908,2023-03-18T14:11:32Z,https://i.ytimg.com/vi/aQmPii0oqCs/hqdefault.jpg,#acnh #meme #isabelle,5672107590845126319
aSxBnPugHJ8,쭈니가 K.K. 아이돌 부르는 영상 [VR360],8193437,10368,211460,2020-04-12T15:27:57Z,https://i.ytimg.com/vi/aSxBnPugHJ8/hqdefault.jpg,"모동숲 쭈니가 K.K. 아이돌 부르는 영상 [VR360]
https://twitter.com/Donggorimm

-가사(팬메이드)
(오역 많아요)

풍선껌이 터질 때의
너의 미소를 보고 싶어

When the bubblegum pops
I want you to smile

행복했던 매 순간 나날들을 기억해
회색뿐인 하루하루를 걸어가야 할 때도 있었지

And remember every good time
We had when skies were grey

나의 사랑하는 아이야
왜 울고 있어?

oh, Bubblegum dear
Why are you crying?

너를 불행하게 하는 것들이 널 데려가려 한다면
나는 절대 가만있지 않을 거야

I’ll never let them take
My Bubblegum away.

매순간의 하늘이 푸르르게 변할 때
내가 떠올릴 수 있는 건 너뿐이야

And when the skies
are all blue
All I can think of is you

세상은 너의 미소로 환해지고
네 웃음소리로 밝게 빛나지

The world lights at your smile
And shines at the sound
of your laugh

사랑하는 나의 아이야
다시 너를 만나러 가고 싶어

And Bubblegum dear
I just want to see you again.



Desktop: You can move the view through ASDW or mouse drag.
Mobile: Swipe the screen or move your phone.

Or you can use: Google Cardboard VR Box 360, Oculus Rift VR, Oculus Quest VR, HTC Vive VR, Playstation 4 VR Headset, PSVR",103682114608193437
ua8_fy-BFac,모동숲으로 만든 겨울왕국 - Let it go,7697302,2759,60377,2020-10-20T10:00:11Z,https://i.ytimg.com/vi/ua8_fy-BFac/hqdefault.jpg,"생일날 받은 엘사 케이크를 보고 아이디어가 떠올라서 제작해보았습니다!
재미로 봐주세요!

❄로나딩 마이디자인 ID : MA-9411-8985-5468

❄엘사 드레스 장갑 둘다 있는 버전 : MO-0P03-L5T3-5BXH
❄엘사 드레스 장갑 한쪽만 : MO-MRWT-CJY9-60CW
❄엘사 드레스 장갑X : MO-86VP-V8SB-LTF4
❄엘사 드레스 망토X : MO-637M-93V4-0NRC

❄엘사 성 바닥 타일 디자인 (tFe11zaysfcSQCui님) : MA-2641-3687-5253

❄엘사 변신 전 머리 : 공주님 머리 (옷가게 아이템)
❄엘사 변신 드레스 : 얼음 여왕 드레스 (옷가게 아이템)
❄엘사 변신 신발 : 순백 펌프스 (웨딩 아이템)
❄엘사 변신 지팡이 : 얼음 지팡이 (겨울 눈사람 레시피)
-
♥로나딩 트위치 생방송 https://www.twitch.tv/ronading
♥로나딩 유튜브 멤버십 https://www.youtube.com/channel/UCg7ZESiNqxYUeJilJR4_Y1w/join
-미공개영상, 비하인드 스토리를 볼 수 있어요
♥로나딩 후원 http://twip.kr/donate/s_s_you
♥로나딩 팬심 https://fancim.me/celeb/profile.aspx?cu_id=melona
♥로나딩 이메일 tvmelona@gmail.com

♥편집 로나딩

#겨울왕국 #렛잇고 #엘사",2759603777697302
dUcsgLFX7Os,모동숲 바코드 앞머리가 진화하는 과정,5671137,379,131644,2022-12-03T07:00:17Z,https://i.ytimg.com/vi/dUcsgLFX7Os/hqdefault.jpg,"#shorts 
------------------------------
🌱방송 일정 및 공지는 트게더에서!
☞ https://tgd.kr/s/gwiwol

🌱팬아트는 여기로 보내주세요! 감사합니다
☞ gwiwol@naver.com 

🌱놀러오세요! 트위치 '귀월이' 검색!
☞https://www.twitch.tv/gwiwol/videos

🌱아기달곰이 멤버쉽 (한달 990원)
☞https://www.youtube.com/channel/UCSGYG1lKQVCPxxr-2-Q3dMg/join


#모동숲 #ACNH #あつ森


ㅡㅡㅡㅡㅡㅡㅡㅡㅡㅡ

[Video Source Support]
Youtube channel ""freeticon"" : https://www.youtube.com/c/Freeticon",3791316445671137
4n7RoG2M4ao,나비보벳따우 1시간 연속재생 (개가수 ♪T.K. 하우스),5547755,10223,49061,2020-03-28T08:18:23Z,https://i.ytimg.com/vi/4n7RoG2M4ao/hqdefault.jpg,"3년전 영상인데 이렇게 사랑해주시니 얼떨떨하네요♡
※ 영상을 무단으로 훔쳐가는 분들이 계시는데 그러지 말아주세요ㅜ

#타동숲 #개가수 #노래",10223490615547755
Cxkmd8YLo3w,동물의 숲 플레이리스트,4539180,4041,62791,2019-02-26T03:00:00Z,https://i.ytimg.com/vi/Cxkmd8YLo3w/hqdefault.jpg,PM을 AP로 잘못 썼어요,4041627914539180
SAaLtpCqUXI,[모동숲] 수영복,4219772,1193,85617,2021-11-21T20:53:45Z,https://i.ytimg.com/vi/SAaLtpCqUXI/hqdefault.jpg,"모여봐요 동물의 숲 애니메이션
(클레오, 미첼)

#모동숲 #동물의숲",1193856174219772
BOWtHIlZS5M,[모동숲] 제자,4180678,2317,61303,2020-08-02T15:48:38Z,https://i.ytimg.com/vi/BOWtHIlZS5M/hqdefault.jpg,"모여봐요 동물의숲 애니메이션

#모동숲 #동물의숲 #너굴 #콩돌 #밤돌",2317613034180678
-Dqy1nXnzwc,모동숲 접는 이유 #Shorts,3913174,187,54948,2022-10-15T09:00:00Z,https://i.ytimg.com/vi/-Dqy1nXnzwc/hqdefault.jpg,"#동숲 #동물의숲 #모여봐요동물의숲


◆ 비즈니스 문의 : ad@lolq.co.kr
◆ 개인 문의 : kbd2018@naver.com
◆ 트위치 생방송 : https://www.twitch.tv/kimbangduck
◆ 인스타 : gyeonmoung
◆ 팬카페 : https://cafe.naver.com/gyeonnim",187549483913174
R1eFYwjDXWg,8개월동안 매일 꾸민 역대급 동숲 섬ㄷㄷ,3844213,203,99242,2022-12-14T03:00:14Z,https://i.ytimg.com/vi/R1eFYwjDXWg/hqdefault.jpg,#혜안 #동물의숲 #shorts,203992423844213
r2ko422xW0w,지능이 떨어지는 브금,3603969,5661,121783,2023-02-14T13:12:43Z,https://i.ytimg.com/vi/r2ko422xW0w/hqdefault.jpg,"00:00 In Kapp'n's Bus
03:44 3 PM
05:11 Town Hall (Pelly)
06:33 1 PM
08:25 Town Hall (Phllis)
10:07 2 PM
12:18 Nook's Cranny
13:19 4 PM
15:10 Nook 'n' Go
16:23 7 PM
18:21 Able Sisters
19:28 5 PM
21:00 반복

능능브금
동물의 숲 배경음악 1시간
반갑꼬리

동숲 애플 농장 : 모람이님
칸나 @airikanna  : ran9u님",56611217833603969
j0rgNHDam78,동물의숲 1500시간 고인물 섬에 초대 받았습니다,3328272,1990,35087,2022-10-22T03:00:31Z,https://i.ytimg.com/vi/j0rgNHDam78/hqdefault.jpg,"느껴봐요 빈부격차
[업로드] 금,토,일,월 
[문의메일] zxcv34276@gmail.com
[인스타그램] @hxxax_
#혜안 #동물의숲",1990350873328272
5-bvqy5Dxjo,동물의 숲에서 가장 귀여운 주민 누구?,3241681,2770,37482,2020-04-26T07:00:01Z,https://i.ytimg.com/vi/5-bvqy5Dxjo/hqdefault.jpg,"뽀야미 최고

안녕하세요 선바입니다. 영상 시청해주셔서 감사합니다~!
좋아요와 구독하기 잊지마세요~!
트위치: https://twitch.tv/sunbaking
인스타그램: @sunbaakim
선바팬카페:http://cafe.naver.com/sunbaakim",2770374823241681
29sjV1a2KOo,소름돋는 동물의숲 디테일 #shorts,3162377,155,60988,2022-07-10T03:48:47Z,https://i.ytimg.com/vi/29sjV1a2KOo/hqdefault.jpg,"이정도?!


#모동숲
#동물의숲",155609883162377
bHvT0SNITuU,"[1H]🎧🌿비내리는 어느 타동숲 마을로🚖🌧♬♪ 【1Ｈ】ㅣ게임음악, 노동요, 집중 음악",2905840,621,72792,2021-05-16T05:41:36Z,https://i.ytimg.com/vi/bHvT0SNITuU/hqdefault.jpg,"🚌 타운으로 놀러가요 동물의숲🏡
00:00 2AM
2:30 1AM
4:37 3AM
6:35 4AM
7:37 5AM
10:14 6AM
11:44 7AM
13:18 8AM
14:22 9AM
15:44 10AM
17:16 11AM
19:18 12AM
22:35 2PM
24:45 3PM
26:14 4PM
28:03 5PM
29:34 6PM
31:34 7PM
33:32 8PM
36:12 9PM
37:59 10PM
41:17 11PM
43:58 12PM
45:57 메인테마
47:06 낯선고양이
47:56 집터 찾기
48:45 너굴의 심부름
49:31 마을사무소-펠리
50:53 마을사무소-펠리미
52:35 박물관-화석 전시실
53:32 너굴마트
55:26 에이블 시스터즈
56:33 박물관-천문대
57:09 박물관-별 관측
57:28 마스터의 카페
58:51 타운 인트로
59:00 타운 아침
1:01:05 타운 낮
1:02:49 타운 저녁
1:04:59 타운 밤
1:08:57 타운 비오는날
1:11:03 타운 눈오는날
1:12:44 공연장
1:14:41 해피룸 아카데미
1:16:42 그레이시 그레이스
1:18:00 미용실
1:19:24 다락방",621727922905840
pROU5MQMtww,[동물의 숲] 다들 나를 쳐다보는 것 같아.,2704851,1441,40692,2023-01-03T12:47:11Z,https://i.ytimg.com/vi/pROU5MQMtww/hqdefault.jpg,"동물의 숲 애니메이션
(미첼, 낯선고양이, 잭슨)

#동물의숲 #퍼리 #애니메이션",1441406922704851
GS8cln2QxL0,비인기 주민 시점으로 보는 모동숲 🥺,2453688,667,60863,2022-06-27T00:23:46Z,https://i.ytimg.com/vi/GS8cln2QxL0/hqdefault.jpg,#shorts,667608632453688
GYMy0WkIXAA,흔한남매 빚에 쫓기고 있습니다ㅜ 모여봐요 동물의 숲 2탄!ㅋㅋㅋ(흔한남매),2417806,8501,26573,2020-04-24T06:00:08Z,https://i.ytimg.com/vi/GYMy0WkIXAA/hqdefault.jpg,"우리도 섬 멋지게 꾸미고 싶다 ㅠㅜㅠㅜㅠㅜ
다음엔 어떤 게임을 해볼까요 많은 댓글 부탁드려용~~~^^냐핫!

------------------------------------------------------------
안녕하세요~ 코미디 크리에이터
웃찾사 '흔한남매' 팀에 SBS 개그맨 한으뜸, 장다운입니다.
코미디를 좋아해서 만들게 된 채널이구요~
흔한남매 뿐만 아니라 새로운 개그 코너도 이 채널에 선보이려고 합니다~!!
개그 뿐만 아니라 시트콤, 먹방, 만들기, 실험, 일상, 커플(실제 커플입니다.ㅋㅋ)등다양한 영상들도 기대해주세요~
흔한남매 채널을 구독하시면~  재미+상큼+병맛+발랄한 영상으로 보답하겠습니다~
구독~꾸우우우욱~~ 눌러쥬시고 예뿌게 봐쥬세효~~~냐핫!!
 
*비지니스 문의: nyaha52@naver.com
*흔한 남매의 일상이 궁금하다면?? (흔한일상): https://www.youtube.com/channel/UCy-N...
*흔한남매 공식 인스타 : https://www.instagram.com/nyaha_official
*흔한남매 틱톡ID: nya_ha",8501265732417806
xbviDahSr8s,모동숲 절벽공사 소소한 꿀팁 #shorts,2390670,101,0,2023-01-05T04:20:20Z,https://i.ytimg.com/vi/xbviDahSr8s/hqdefault.jpg,"#shorts #ACNH #모동숲
언제나 안전제일!",10102390670
mxjXEBqkc0o,허허벌판 동린이 섬에 라푼젤 성 만들어 주기 (역대급),2282976,1111,48509,2022-05-07T12:00:20Z,https://i.ytimg.com/vi/mxjXEBqkc0o/hqdefault.jpg,"저도 저기서 살래요.

#동물의숲 #모동숲 #모여봐요동물의숲 #모동숲섬꾸미기 #ACNH

🌟‍인스타그램 : aonioni_

---

[타임라인]
00:00 친구 스위치 소개
00:35 섬 탐색&꾸미기 준비
03:49 지형 작업 
06:29 건설 작업
12:05 완성
13:51 비하인드

---

[마이 디자인 정보]
MA-4203-2040-7392 : 유럽풍 바닥
MA-9488-1972-2446 : 흙 바닥
MA-1944-3607-0570 : 가로등 밑 돌
MA-5877-1937-8682 : 나뭇잎
MA-7195-6112-7043 : 돌
MA-1574-7508-6849 : 나무 데코
MA-7414-4688-6996 : 기찻길
MA-8550-2911-6579 : 흰색 나무길
MA-3125-2000-1147 : 원형 풀잎

---

[BGM 출처]
🎵Music provided by 브금대통령
🎵Track : 에어컨 아래에서 - https://youtu.be/f8nd8Fq90lU
🎵Track : 뚱이는 못말려 - https://youtu.be/650XS7TLVvY
🎵Track : 3월의 불멍 - https://youtu.be/E5Veny7_QkQ
🎵Track : 와 이거 뭔데 - https://youtu.be/7zswBFefpLU

🎵Music provided by  프리뮤직 Vlog Copyright Free Music 
🎵Track : Lukrembo - Bored https://youtu.be/mZz1UcPD8q4
🎵Track : Lukrembo - Cheese ​https://youtu.be/mZz1UcPD8q4

✔️Track - Sledg3 - A Walk On The Stars
✔️Soundcloud - https://soundcloud.com/sledg3
✔️나눔뮤직 - https://tv.naver.com/v/13216393

✔️Track - Imagination Piano Music
✔️Soundcloud - https://soundcloud.com/keysofmoon
✔️나눔뮤직 - https://tv.naver.com/v/11108812

[음성 출처]
본 음성은 인공지능 성우 서비스 타입캐스트에서 제작되었습니다.
인공지능 성우 개나리, 팡팡
인공지능 성우 호빈이 외 7명",1111485092282976
Mgyv7PX5whw,모동숲이 디테일갓겜이라고 불리는 이유 🙄 (동물의숲 TMI),2143911,219,53656,2022-06-16T00:00:06Z,https://i.ytimg.com/vi/Mgyv7PX5whw/hqdefault.jpg,#모동숲 #동물의숲 #샐리의모동숲 #모여봐요동물의숲 #acnh #shorts #animalcrossing #animalcrossingnewhorizons,219536562143911
TRwBGk97AD8,혜안님이 더빙한 동숲 채석장 만들기 영상,2049659,1318,31202,2022-11-07T10:22:00Z,https://i.ytimg.com/vi/TRwBGk97AD8/hqdefault.jpg,"이제 점토 다시 모아야지

@hxxax 
#동물의숲 #모동숲 #acnh 

🏝섬 이름 : 아보카도🥑 / 마라도
👩주민대표 : 아오니
🌙꿈번지 : DA-2528-5743-8067 / DA-6351-3927-7264
🌙해피홈 : RA-1157-2190-7226
🌟‍인스타그램 : aonioni_

---

[BGM 출처]
🎵Music provided by 브금대통령
🎵Track : 뚱땅뚱땅 - https://youtu.be/tIiIUMA3wqA​",1318312022049659
e6WT9Y9u5i4,[ACNH] When Will My Life Begin -Tangled 👸 Cover by Maedong,2011792,1154,24936,2020-08-15T04:00:05Z,https://i.ytimg.com/vi/e6WT9Y9u5i4/hqdefault.jpg,"This is my animal crossing version of a cover music video of [When Will My Life Begin] from Walt Disney's ""Tangled"" 💕  You'll meet Rapunzel, Mother Gothel and Pascal in Animal Crossing New Horizon's characters. Try looking for the details of Rapunzel's room in the Video!  Hope you enjoy :)  


💜Like and subscribe my channel if you enjoyed my video💜

━━━━━━━━━━━━━━
📍Email : maedonghouse@gmail.com
📍Instagram: @maedongee
━━━━━━━━━━━━━━
-🎼Instrumental : https://youtu.be/I39IfZiS_tc

#tangled #whenwillmylifebegin #acnh #rapunzel 

This video is posted with permission to use Nintendo’s copyrighted material",1154249362011792
GqjxO3Wmoxc,혜안 동물의숲 전재산 무트코인 갑니다.,1862492,1526,18333,2022-10-28T03:00:07Z,https://i.ytimg.com/vi/GqjxO3Wmoxc/hqdefault.jpg,"일확천금티비
[업로드] 금,토,일,월 
[문의메일] zxcv34276@gmail.com
[인스타그램] @hxxax_
#혜안 #동물의숲",1526183331862492
AanZknmSOHs,이사 노가다로 모든 주민 갈아엎었습니다.,1858308,595,12820,2022-09-09T10:15:00Z,https://i.ytimg.com/vi/AanZknmSOHs/hqdefault.jpg,"어서 오렴

#동물의숲 #모동숲 #모여봐요동물의숲

🏝섬 이름 : 아보카도🥑 / 마라도
👩주민대표 : 아오니
🌙꿈번지 : DA-2528-5743-8067 / (생성 예정)
🌙해피홈 : RA-1157-2190-7226
🌟‍인스타그램 : aonioni_

---

[BGM 출처]
🎵Music provided by 브금대통령
🎵Track : 와 이거 뭔데 - https://youtu.be/7zswBFefpLU
🎵Track : 이게 머선129 - https://youtu.be/gOtwGaQUbzM
🎵Track : 오리가족의 외출 - https://youtu.be/g84nkO4afvM
🎵Track : 뚱이는 못말려 - https://youtu.be/650XS7TLVvY
🎵Track : 뚱땅뚱땅 - https://youtu.be/tIiIUMA3wqA​
🎵Track : 귀여운 BGM 모음 2 - https://youtu.be/Gkh-wz-cHyg
🎵Track : 아기 고양이 - https://youtu.be/1rL7sardFIU",595128201858308
do1JDd_yXTU,스위치..아니... 섬이 6개라고?! 😱,1821569,825,18055,2022-05-24T11:00:15Z,https://i.ytimg.com/vi/do1JDd_yXTU/hqdefault.jpg,"내 워너비 방

#동물의숲 #모동숲 #ACNH

🏝섬 이름 : 아보카도🥑 (Abcado)
👩주민대표 : 아오니 (Aoni)
🌙꿈번지 : DA-2528-5743-8067
🌙해피홈 : RA-1157-2190-7226
🌟‍인스타그램 : aonioni_

---

[BGM 출처]
🎵Music provided by 브금대통령
🎵Track : 음악시간 - https://youtu.be/gJk4hr3r26E
🎵Track : 간식 - https://youtu.be/jWFZR8vPaTY
🎵Track : TV & Radio 에서 많이 나오는 음악 - https://youtu.be/gyoC6EIDSWI
🎵Track : 와 이거 뭔데 - https://youtu.be/7zswBFefpLU
🎵Track : 맛있는 냄새 - https://youtu.be/E4ZyeUwV6-A
🎵Track : 3월의 불멍 - https://youtu.be/E5Veny7_QkQ\
🎵Track : 인생의 회전초밥 - https://youtu.be/0H-nSaK53iI
🎵Track : Rainy day naptime - https://youtu.be/6gbXEKpiwfM
🎵Track : 오리가족의 외출 - https://youtu.be/g84nkO4afvM",825180551821569
Raz4sN5p-DE,구독자의 섬에 직접 다녀왔습니다 [동물의숲 자랑대회],1777543,1286,34730,2022-11-17T09:00:14Z,https://i.ytimg.com/vi/Raz4sN5p-DE/hqdefault.jpg,"동숲 자랑대회
[업로드] 금,토,일,월 
[문의메일] zxcv34276@gmail.com
[인스타그램] @hxxax_
#혜안 #콘테스트 #동물의숲
Music provided by 브금대통령
Track : Wind leaves, yet the Moon stays - https://youtu.be/DCE3NY-ls6Q
Track : Rabbit Hole  - https://youtu.be/Xb66dp1QxVY
Song : 샛별 - Smile / https://youtu.be/ih1yep4F8DE
flow music - 뽀로로 오프닝 https://youtu.be/oZrkn7KQkrI",1286347301777543
EApt3Y55BuY,모동숲 특,1724787,550,47868,2023-08-01T09:00:15Z,https://i.ytimg.com/vi/EApt3Y55BuY/hqdefault.jpg,"야 너두?

#shorts #동물의숲 #게임",550478681724787
qhL-ee9GfJQ,"🎧새벽 힐링 모동숲 노래 【﻿3Ｈ】ㅣ게임음악, 노동요, 집중 음악",1703891,286,37718,2021-04-15T13:06:48Z,https://i.ytimg.com/vi/qhL-ee9GfJQ/hqdefault.jpg,"🕹️사용 장비/게임
닌텐도 스위치: https://link.coupang.com/a/bpe4SE
모여봐요 동물의 숲: https://link.coupang.com/a/bpe49x

▸ ˗ˋˏ 🆕 10시간 버전(10H.ver) ▶ https://youtu.be/fwovax6TDY4  ˎˊ˗ 

☃️ 눈오는날☃️ 
00:00 5am 
3:45 7pm 
7:36 12am 
10:15 1am
13:29 2am
17:11 3am
18:58 4am
21:29 11am
24:28 10pm
26:44 6pm 
28:56 8pm
31:03 9pm
33:20 10pm
36:00 11pm
🐿
38:44 너굴상점 영업종료
41:11 박물관 입장
42:58 박물관 곤충 전시실1
44:46 박물관 곤충 전시실2
46:31 박물관 곤충 전시실3
48:18 프롤로그1
49:29 프롤로그2
50:57 프롤로그3(눈)
53:38 프롤로그3(비)
56:19 마일리지섬 (비)
58:31 몽셰르의 꿈꾸는집
🚿비 오는날🚿 
1:01:28 1am
1:04:37 2am
1:08:19 3am 
1:10:20 4am 
1:12:37 5am
1:16:23 6am
1:18:50 2pm
1:21:56 3pm 
1:24:09 4pm
1:26:25 6pm
1:28:38 7pm 
1:32:28 8pm
1:34:35 9pm
1:36:52 10pm
1:39:22 11pm
1:42:06 12am
🐳
1:44:45 박물관 물고기 전시실 1
1:46:32 박물관 물고기 전시실2
1:48:19 박물관 물고기 전시실3
1:50:05 박물관 미술품 전시실
1:51:52 프롤로그4
1:53:04 프롤로그5
1:54:15 k.k.의 인사
1:55:33 마일리지섬 (눈)
1:57:48 새해 5분 전
1:59:41 새해 하루 전
2:02:19 새해맞이
☀️맑은날☀️
2:04:56 1am
2:08:05 2am
2:11:47 3am
2:13:48 4am
2:16:05 5am
2:19:50 6pm
2:22:03 7pm
2:25:53 8pm
2:28:02 10pm
2:30:25 11pm
2:33:09 12am
2:35:48 9pm
🦕
2:38:03 박물관 화석 전시실1
2:39:49 박물관 화석 전시실2
2:41:36 박물관 화석 전시실3
2:43:23 박물관 화석 전시실4
2:45:09 마일리지섬의 밤 (맑은날)
2:47:22 첫 날 행사
2:49:35 프롤로그6
2:52:16 크리스마스 (눈)
2:54:59 크리스마스 (맑은날)
2:57:42 카니발 이벤트




🌌모여봐요 동물의숲의 노래들 중 밤 산책 분위기에 어울리는 노래만 모아보았습니다.
평화로운 섬에 오셔서 박물관, 광장, 강가를 지나다니며 마음이 차분해지는 밤 산책 시간이 되시기를 🍃
(+숨어있는 깨빈과 주민들을 찾아보세요!)
++구독해주세요🙈

*이 포스팅은 쿠팡 파트너스 활동의 일환으로, 이에 따른 일정액의 수수료를 제공받습니다.",286377181703891
TIcJvqA27OM,오싹오싹한 모동숲 디테일,1685092,247,48693,2022-06-18T00:00:19Z,https://i.ytimg.com/vi/TIcJvqA27OM/hqdefault.jpg,,247486931685092
LEMUaRZlPE8,귀가 계속 흔들리는 토끼 주민들 🐰 (모동숲),1575820,369,47952,2022-07-08T00:00:06Z,https://i.ytimg.com/vi/LEMUaRZlPE8/hqdefault.jpg,#모동숲 #샐리의모동숲 #모여봐요동물의숲 #동물의숲 #shorts,369479521575820
8ob1MFtcc8U,모동숲으로 보는 편의점 알바 손님 유형ㅋㅋ #Shorts,1574319,347,55824,2022-02-28T06:00:03Z,https://i.ytimg.com/vi/8ob1MFtcc8U/hqdefault.jpg,"편의점 알바 했을때의 기억들을 살려서~ 쇼츠 컨텐츠로 만들어봤어요 ㅎㅎ
반응 좋으면 2탄 나올지도..?!
#Shorts #모동숲 #닌텐도
-
♥로나딩 유튜브 멤버십https://www.youtube.com/channel/UCg7ZESiNqxYUeJilJR4_Y1w/join
- 구독뱃지&구독티콘 사용, 생방송 다시보기 시청 가능!
♥로나딩 트위치 생방송 https://www.twitch.tv/s_s_you
♥로나딩 후원 https://toon.at/donate/637204765074825066
♥로나딩 팬심 https://fancim.me/celeb/profile.aspx?cu_id=melona
♥로나딩 이메일 tvmelona@gmail.com

♥편집딩 : 로나딩",347558241574319
4VfyL_z7SRw,혜안 동물의숲 이제 개 잘합니다ㅋㅋㅋㅋㅋㅋ,1530629,2559,21115,2022-10-15T03:43:01Z,https://i.ytimg.com/vi/4VfyL_z7SRw/hqdefault.jpg,"갚아봐요 대출의 숲
[업로드] 금,토,일,월 
[문의메일] zxcv34276@gmail.com
[인스타그램] @hxxax_
#혜안 #동물의숲",2559211151530629
ZxVjdClv1uE,간만에 모동숲 켰더니 웬 무지개색 햄스터가 이사 왔네요 ㅇ_ㅇa [지컨],1519303,681,16648,2021-12-06T11:13:12Z,https://i.ytimg.com/vi/ZxVjdClv1uE/hqdefault.jpg,"#모동숲 #모여봐요동물의숲 #미애

1티어 주민이 뭔지도 모르는 즐겜러 메타를 한번 연기해보세요
운이 좋아지실지도 🤶

해당 생방송 스트리밍 날짜 - 211106, 211111 https://youtu.be/TMY0gsVGzHc https://youtu.be/g4hPrBXzjgQ
지컨 유튜브 생방송 - https://bit.ly/2kyCIWu
지컨 팬 카페로 놀러 오세요! - http://cafe.daum.net/zkern
멤버십 구독해주세요 - 
https://www.youtube.com/channel/UC0z8bddfRBRBmEC-AjI6UXw/join
지컨 인스타그램 https://www.instagram.com/zkern_official/

편집: 찐빵찰스",681166481519303
9QNvmSbtv_Y,[모동숲] 주민 차별 이래도 되는거임? #shorts,1487920,424,47417,2022-08-31T08:23:29Z,https://i.ytimg.com/vi/9QNvmSbtv_Y/hqdefault.jpg,#사회인게임클럽 #사인클 #shorts #모동숲 #모여봐요동물의숲 #동물의숲 #동숲 #acnh #인성 #동숲주민 #애플이,424474171487920
J6qciipDOx8,모동숲 꿈번지의 상상도 못한 디테일,1469396,87,34526,2022-05-06T00:00:04Z,https://i.ytimg.com/vi/J6qciipDOx8/hqdefault.jpg,"#shors #모동숲

Remix by Qumu 
https://youtube.com/c/qumumusic",87345261469396
8sRIZXDvqVA,[모동숲] 벌집을 구멍에 빠뜨리면...??!,1466200,378,16500,2021-08-25T03:54:24Z,https://i.ytimg.com/vi/8sRIZXDvqVA/hqdefault.jpg,"모동숲(모여봐요 동물의숲) 유튜버 쏨이 & 땀이 채널 입니다.
あつ森（あつまれどうぶつの森）YouTuber ソミ、ダミのチャンネルでございます。
ACNH(animal crossing new horizons)  YouTuber Ssomi & Ddami Channel.

💬 ENG SUB / 日本語字幕（じまく）
📧 Email : ssomddamtv@naver.com
🚫 영상 무단 사용 금지

#あつ森 #acnh #모동숲 #동물의숲  #동숲",378165001466200
RJjL0cMjsPs,진짜 치명적이었던 역대 모동숲 버그 TOP5,1453066,812,10442,2020-09-30T13:33:32Z,https://i.ytimg.com/vi/RJjL0cMjsPs/hqdefault.jpg,"5번째 버그는 지금도 악질유저들이 사용할 수 있으니
조심하셔야 됩니다!
즐거운 추석 되세요~",812104421453066
sGeEWYpcgos,썩은 무의 진짜 용도,1436005,185,31318,2022-10-24T06:00:13Z,https://i.ytimg.com/vi/sGeEWYpcgos/hqdefault.jpg,"썩은 무도 의외로 쓸만할지도?
(연출된 영상입니다)

* 모동숲 영상 연속으로 보기(재생목록) https://www.youtube.com/playlist?list=PLgwe3yiGeN-hido3XcTVz3vjyppAsGDfD


#모동숲 #동물의숲 #동숲업데이트",185313181436005
6Z2dDmpASP0,혜안 동숲 접음? (feat.아오니),1433388,1061,18890,2023-03-17T03:00:03Z,https://i.ytimg.com/vi/6Z2dDmpASP0/hqdefault.jpg,"동숲 복귀
[업로드] 금,토,일,월 
[문의메일] zxcv34276@gmail.com
[인스타그램] @hxxax_
#혜안 #동물의숲
Music by 브그미언
Track 감사감격 https://youtu.be/v1DAJIW7k0s
Music provided by 브금대통령
Track : 그렇게 어른이 되고 - https://youtu.be/ui-gF5s8vbE 
Track : 장난감전쟁 - https://www.youtube.com/watch?v=Fghad8y86rI",1061188901433388
Iv7aE4zUlUE,동물의숲 저주받은 아이템 [모동숲 괴담 검은닌텐도] #Shorts,1409356,165,32060,2023-02-21T06:30:08Z,https://i.ytimg.com/vi/Iv7aE4zUlUE/hqdefault.jpg,"벽지속 귀신은 누구일까요?!
#Shorts #모동숲 #괴담 
-
♥로나딩 유튜브 멤버십https://www.youtube.com/channel/UCg7ZESiNqxYUeJilJR4_Y1w/join
- 구독뱃지&구독티콘 사용, 생방송 다시보기 시청 가능!
♥로나딩 트위치 생방송 https://www.twitch.tv/s_s_you
♥로나딩 후원 https://toon.at/donate/637204765074825066
♥로나딩 팬심 https://fancim.me/celeb/profile.aspx?cu_id=melona
♥로나딩 이메일 tvmelona@gmail.com

♥편집딩 : 로나딩",165320601409356
YtSSv1nMIw4,아무도 몰랐던 모동숲 사소한 디테일3,1341505,105,33729,2023-06-25T07:00:12Z,https://i.ytimg.com/vi/YtSSv1nMIw4/hqdefault.jpg,"금고..?
#Shorts #모동숲 #닌텐도
-
♥로나딩 유튜브 멤버십https://www.youtube.com/channel/UCg7ZESiNqxYUeJilJR4_Y1w/join
- 구독뱃지&구독티콘 사용, 생방송 다시보기 시청 가능!
♥로나딩 트위치 생방송 https://www.twitch.tv/s_s_you
♥로나딩 후원 https://toon.at/donate/637204765074825066
♥로나딩 팬심 https://fancim.me/celeb/profile.aspx?cu_id=melona
♥로나딩 이메일 tvmelona@gmail.com

♥편집딩 : 로나딩",105337291341505
mdvkohJDZaA,모동숲 가장 비싼 아이템 TOP10 #shorts,1315055,458,30725,2022-06-11T12:45:58Z,https://i.ytimg.com/vi/mdvkohJDZaA/hqdefault.jpg,,458307251315055
29433-yuaO4,엄마의 편지 속 감동적인 디테일 (동숲),1309494,433,42657,2022-07-06T00:00:00Z,https://i.ytimg.com/vi/29433-yuaO4/hqdefault.jpg,,433426571309494
nuh-XDisDpE,모동숲 고인물이 벌 피하는 법#shorts,1280014,333,34527,2023-05-25T11:21:19Z,https://i.ytimg.com/vi/nuh-XDisDpE/hqdefault.jpg,,333345271280014
wC0lJEaQqww,나만 알기 아까운 모동숲 도구 사용법,1251362,162,32451,2022-04-10T00:00:13Z,https://i.ytimg.com/vi/wC0lJEaQqww/hqdefault.jpg,#shorts #모동숲 #동물의숲 #샐리의모동숲,162324511251362
RLAeqeX1FAo,☃️𝘸𝘪𝘯𝘵𝘦𝘳 𝘷𝘪𝘣𝘦𝘴... 🌨️ 𝘣𝘦𝘴𝘵 𝘢𝘯𝘪𝘮𝘢𝘭 𝘤𝘳𝘰𝘴𝘴𝘪𝘯𝘨 𝘮𝘶𝘴𝘪𝘤 𝘧𝘰𝘳 𝘴𝘭𝘦𝘦𝘱 (𝘴𝘭𝘰𝘸𝘦𝘥 + 𝘳𝘦𝘷𝘦𝘳𝘣 + 𝘴𝘯𝘰𝘸𝘧𝘢𝘭𝘭 𝘴𝘰𝘶𝘯𝘥),1199931,410,37510,2021-10-13T21:06:23Z,https://i.ytimg.com/vi/RLAeqeX1FAo/hqdefault.jpg,Another AC mix! this time with winter/ Christmas vibes 🌨️,410375101199931
SNBaIAvKxU4,"모동숲 업데이트 첫 날, 너굴이한테 또 털렸습니다... | 모동숲 일상 | ACNH",1172792,499,10661,2021-11-05T09:08:40Z,https://i.ytimg.com/vi/SNBaIAvKxU4/hqdefault.jpg,"너굴 인성 스뤠기

#동물의숲 #모동숲 #모여봐요동물의숲 #ACNH

🏝섬 이름 : 아보카도🥑 (Abcado)
👩주민대표 : 아오니 (Aoni)
🌙꿈번지 : DA-2528-5743-8067
🌟‍인스타그램 : aonioni_

----

[타임라인]
00:00 인트로
00:54 주위 둘러보기
03:36 마일 아이템 둘러보기
10:10 조례 지정하기
11:32 자잘한 업데이트들

---

[BGM 출처]
🎵Music provided by 브금대통령 
🎵Track : 귀여운 BGM 모음 2 - https://youtu.be/Gkh-wz-cHyg

[음성 출처]
본 음성은 인공지능 성우 서비스 타입캐스트에서 제작되었습니다.
인공지능 성우 하준, 삐뚤어진 찬구",499106611172792
4_wyvjXQd-s,40시간 동안 모든 방을 호텔로 꾸미기 | 모동숲,1161123,547,0,2022-08-12T10:15:00Z,https://i.ytimg.com/vi/4_wyvjXQd-s/hqdefault.jpg,"어서오십시오 손님.

#동물의숲 #모동숲 #ACNH

🏝섬 이름 : 아보카도🥑 / 마라도
👩주민대표 : 아오니
🌙꿈번지 : DA-2528-5743-8067 / (생성 예정)
🌙해피홈 : RA-1157-2190-7226
🌟‍인스타그램 : aonioni_

---

[타임라인]
00:00 둘러보기
00:55 준비 과정
06:41 꾸미기
13:19 완성

---

[BGM 출처]
🎵Music provided by 브금대통령
🎵Track : 와 이거 뭔데 - https://youtu.be/7zswBFefpLU
🎵Track : 오리가족의 외출 - https://youtu.be/g84nkO4afvM
🎵Track : 이게 머선129 - https://youtu.be/gOtwGaQUbzM
🎵Track : 나는야 장난꾸러기 - https://youtu.be/MYLjqNApdTE

🎵피아노 메들리 - https://www.youtube.com/watch?v=_D4swmqd5vc",54701161123
rp1einzETYA,"모동숲 역사상, 이런 상금은 없었습니다.",1154155,507,10919,2022-08-22T10:15:02Z,https://i.ytimg.com/vi/rp1einzETYA/hqdefault.jpg,"단, 1등 만을 위한 게임

#동물의숲 #모동숲 #모여봐요동물의숲

🏝섬 이름 : 아보카도🥑 / 마라도
👩주민대표 : 아오니
🌙꿈번지 : DA-2528-5743-8067 / (생성 예정)
🌙해피홈 : RA-1157-2190-7226
🌟‍인스타그램 : aonioni_

---

[타임라인]
00:00 게임 준비
04:37 게임 시작
10:57 결승전&상금 지급

---

[BGM 출처]
🎵Music provided by 브금대통령
🎵Track : 나는야 장난꾸러기 - https://youtu.be/MYLjqNApdTE
🎵Track : 와 이거 뭔데 - https://youtu.be/7zswBFefpLU
🎵Track : 귀여운 BGM 모음 2 - https://youtu.be/Gkh-wz-cHyg
🎵Track : 에어컨 아래에서 - https://youtu.be/f8nd8Fq90lU
🎵Track : 서리는 졸려요 - https://youtu.be/qQFY87FfZGU
🎵Track : 오리가족의 외출 - https://youtu.be/g84nkO4afvM
🎵Track : 아기 고양이 - https://youtu.be/1rL7sardFIU
🎵Track : 무궁화 꽃이 피었습니다 - https://youtu.be/Y8jh4gBETos",507109191154155
DIroGR71D1A,모동숲 넘어졌을때 주민 반응은? #shorts,2501701,193,46868,2022-06-28T14:47:18Z,https://i.ytimg.com/vi/DIroGR71D1A/hqdefault.jpg,"#동물의숲 #버튜버 #냐무야호

♥냐무야호 트위치 https://www.twitch.tv/nyamuyaho
♥냐무야호 유튜브 https://www.youtube.com/channel/UCjfdNCpR68Bx82OvrxtaUrQ
♥후원 : https://twip.kr/nyamuyaho
♥메일 : nyamuyaho@gmail.com
♥디스코드 : https://discord.com/invite/fnEQvhjMyE

모동숲, 별의커비, 링피트, 스팀게임 등! 종겜 스트리머 냐무야호입니다!",193468682501701
F3Fuif1pYt8,새로운 주민을 영입해보겠습니다,1821464,1723,22425,2020-05-09T07:00:03Z,https://i.ytimg.com/vi/F3Fuif1pYt8/hqdefault.jpg,"웰컴투 식섬 실바나

안녕하세요 선바입니다. 영상 시청해주셔서 감사합니다~!
좋아요와 구독하기 잊지마세요~!
트위치: https://twitch.tv/sunbaking
인스타그램: @sunbaakim
선바팬카페:http://cafe.naver.com/sunbaakim",1723224251821464
tLtyzVeXZ2A,혜안 동물의숲 섬에 새로운 주민이 이사 왔습니다!,1641546,1524,17128,2022-11-04T03:00:20Z,https://i.ytimg.com/vi/tLtyzVeXZ2A/hqdefault.jpg,"어서와요 듬성듬섬
[업로드] 금,토,일,월 
[문의메일] zxcv34276@gmail.com
[인스타그램] @hxxax_
#혜안 #동물의숲",1524171281641546
9cV8kr7rpnA,모동숲에 과몰입 하게 되는 이유,1123725,236,36645,2022-04-30T00:00:04Z,https://i.ytimg.com/vi/9cV8kr7rpnA/hqdefault.jpg,,236366451123725
AgLiI78pd6Q,모동숲 인기주민 랭킹 해외판,1104584,522,27852,2023-09-08T06:00:07Z,https://i.ytimg.com/vi/AgLiI78pd6Q/hqdefault.jpg,"#Shorts #모동숲 #동물의숲 
-
♥로나딩 유튜브 멤버십https://www.youtube.com/channel/UCg7ZESiNqxYUeJilJR4_Y1w/join
- 구독뱃지&구독티콘 사용, 생방송 다시보기 시청 가능!
♥로나딩 트위치 생방송 https://www.twitch.tv/s_s_you
♥로나딩 후원 https://toon.at/donate/637204765074825066
♥로나딩 팬심 https://fancim.me/celeb/profile.aspx?cu_id=melona
♥로나딩 이메일 tvmelona@gmail.com

♥편집딩 : 로나딩",522278521104584
4D7ur9z75Vo,동물의 숲 주민 이상형 월드컵,1081355,1820,11645,2020-05-03T07:00:01Z,https://i.ytimg.com/vi/4D7ur9z75Vo/hqdefault.jpg,"식섭아...나를 안뽑은건...유감이지만...어쩔 수 없지....

안녕하세요 선바입니다. 영상 시청해주셔서 감사합니다~!
좋아요와 구독하기 잊지마세요~!
트위치: https://twitch.tv/sunbaking
인스타그램: @sunbaakim
선바팬카페:http://cafe.naver.com/sunbaakim",1820116451081355
2ZZjRrUQrhw,싫어하는 모동숲 주민 무조건 이사보내는 방법 #Shorts,1080516,68,17640,2022-10-31T09:00:04Z,https://i.ytimg.com/vi/2ZZjRrUQrhw/hqdefault.jpg,"#모동숲 #동물의숲 #모여봐요동물의숲


◆ 비즈니스 문의 : ad@lolq.co.kr
◆ 개인 문의 : kbd2018@naver.com
◆ 트위치 생방송 : https://www.twitch.tv/kimbangduck
◆ 인스타 : gyeonmoung
◆ 팬카페 : https://cafe.naver.com/gyeonnim",68176401080516
xHgjyjV1c8c,동물의 숲 시리즈에 나온 모든 캐릭터의 인기 순위를 알아보자!  【모동숲】,1050287,6370,8630,2020-04-08T16:00:31Z,https://i.ytimg.com/vi/xHgjyjV1c8c/hqdefault.jpg,"모동숲(모여봐요 동물의숲) 유튜버 쏨이 & 땀이 채널 입니다.
あつ森（あつまれどうぶつの森）YouTuber ソミ、ダミのチャンネルでございます。
ACNH(animal crossing new horizons)  YouTuber Ssomi & Ddami Channel.

이 영상은 2020년 4월 8일 PM 8시의 랭킹 기준으로 제작되어서 차후 순위가 조금씩 달라질 수 있는 점 이해 부탁드려여~
- 출처 : 하토님이 제작하신 동물의숲 이상형 월드컵 랭킹 (https://www.piku.co.kr/w/rank/8Zj1E8)

💬 ENG SUB / 日本語字幕（じまく）
📧 Email : ssomddamtv@naver.com
🚫 영상 무단 사용 금지

#あつ森 #acnh #모동숲 #동물의숲  #동숲",637086301050287
NRvGWHDGhoA,[모동숲] 주민들과 단체로 낮잠자기,1048707,1013,12653,2020-06-09T05:59:39Z,https://i.ytimg.com/vi/NRvGWHDGhoA/hqdefault.jpg,"#모동숲 #마이디자인 #김비모 #위장

얘두라 미안해..

아웃로 브금 
https://youtu.be/6_dWNXo-PgI",1013126531048707
8oBrf-yYQ-g,모동숲 인기 주민들이 모여있는 고양이 종족의 비밀,1025024,240,32416,2022-06-15T00:00:01Z,https://i.ytimg.com/vi/8oBrf-yYQ-g/hqdefault.jpg,#모동숲,240324161025024
UHWw9gYKOtU,무조건 마일섬에서 첫 번째로 나오는 친구 데려오기 | 모동숲 일상 | ACNH,1010756,362,8538,2021-09-20T10:11:29Z,https://i.ytimg.com/vi/UHWw9gYKOtU/hqdefault.jpg,"과연..?

#동물의숲 #모동숲 #모여봐요동물의숲 #ACNH

🏝섬 이름 : 아보카도🥑 (Abcado)
👩주민대표 : 아오니 (Aoni)
🌙꿈번지 : DA-2528-5743-8067
🌟‍인스타그램 : aonioni_

---

[타임라인]
00:00 이사 보낼 준비
02:57 내보내기 대작전
04:52 잘가...
07:04 새로운 만남
10:53 K.K.소울

---

[BGM 출처]
🎵Music provided by 브금대통령
🎵Track : 귀여운 BGM 모음 2 - https://youtu.be/Gkh-wz-cHyg
🎵Track : 와 이거 뭔데 - https://youtu.be/7zswBFefpLU",36285381010756
pK_shrlCmZM,'하루 종일 노동만 하시나요?' 모동숲 꾸미기 유튜버의 Q&A,997546,1095,15519,2022-03-18T10:15:02Z,https://i.ytimg.com/vi/pK_shrlCmZM/hqdefault.jpg,"마! 이게 유튜바다!

#동물의숲 #모동숲 #모여봐요동물의숲 #ACNH

🏝섬 이름 : 아보카도🥑 (Abcado)
👩주민대표 : 아오니 (Aoni)
🌙꿈번지 : DA-2528-5743-8067
🌙해피홈 : RA-1157-2190-7226
🌟 인스타그램 : aonioni_

---

[BGM 출처]
🎵Music provided by 브금대통령
🎵Track : 서리는 졸려요 - https://youtu.be/qQFY87FfZGU
🎵Track : 안졸리나 졸리다 - https://youtu.be/NNKNQMeWhm4
🎵Track : 와 이거 뭔데 - https://youtu.be/7zswBFefpLU
🎵Track : 나는야 장난꾸러기 - https://youtu.be/MYLjqNApdTE

Mona Wonderlick - Himalayas
Himalayas by Mona Wonderlick https://soundcloud.com/monawonderlick
Creative Commons — Attribution 3.0 Unported — CC BY 3.0
Free Download / Stream: https://www.toneden.io/mona-wonderlic...
Music promoted by Audio Library https://youtu.be/5VdBy7SD5Bs
𝑴𝒖𝒔𝒊𝒄 𝑷𝒍𝒂𝒚𝒍𝒊𝒔𝒕 :  https://youtu.be/yp0KWgd3ooA

Faithful Mission by Artificial.Music https://soundcloud.com/artificial-music
Creative Commons — Attribution 3.0 Unported — CC BY 3.0
Free Download: http://bit.ly/-faithful-mission
Music promoted by Audio Library https://youtu.be/-738ly_V3RQ
𝑴𝒖𝒔𝒊𝒄 𝑷𝒍𝒂𝒚𝒍𝒊𝒔𝒕 : https://youtu.be/yp0KWgd3ooA

[음성 출처]
본 음성은 인공지능 성우 서비스 타입캐스트에서 제작되었습니다.
인공지능 성우 호빈이 외 10명",109515519997546
lCuIcqKEhrg,모동숲 토용의 무서운 과거,976573,159,28581,2022-05-20T00:00:14Z,https://i.ytimg.com/vi/lCuIcqKEhrg/hqdefault.jpg,#shorts #모동숲 #동물의숲 #모여봐요동물의숲,15928581976573
xnRGxKwQJsY,쭈니를 보내게 됐습니다..,951072,539,10364,2023-02-25T09:00:38Z,https://i.ytimg.com/vi/xnRGxKwQJsY/hqdefault.jpg,"안녕 MY FRIEND

#동물의숲 #모동숲

🏝섬 이름 : 아보카도🥑 / 마라도
👩주민대표 : 아오니
🌙꿈번지 : DA-2528-5743-8067 / DA-6351-3927-7264
🌙해피홈 : RA-1157-2190-7226
🌟‍인스타그램 : aonioni_
🌟‍팬카페 : https://cafe.naver.com/aonioni

[BGM 출처]
🎵Music provided by 브금대통령
🎵Track : 웃기고있네 - https://youtu.be/aY7VLF71pNM
🎵Track : 3월의 불멍 - https://youtu.be/E5Veny7_QkQ
🎵Track : Black Comedy 3 - https://youtu.be/NQkMpz36Tas​
🎵Track : Awake - https://youtu.be/Gqo0xG9y2t0
🎵Track : 펭귄의 비행 - https://youtu.be/ZW_msPN4GJw
🎵Track : 와 이거 뭔데 - https://youtu.be/7zswBFefpLU

Song : ODT SOUND - with my puppy
Follow Artist : https://www.youtube.com/user/jjumini 
Music promoted by DayDreamSound : https://youtu.be/Mk8SP4eixq4",53910364951072
wwqprH9IWj8,털난 토끼 뽑으려 했는데 웬 햄스터가 이사 오겠다네요 ㅇㅂㅇa;; [지컨],934049,345,11466,2022-02-05T10:18:21Z,https://i.ytimg.com/vi/wwqprH9IWj8/hqdefault.jpg,"#모동숲 #모여봐요동물의숲 #동물의숲
🖤풀버전 보러 ㄱrブl 📅 211203
🤍スΙ컨 생방송 ㉰㉦ㅣ 보㉠ㅣhttps://bit.ly/2kyCIWu
🖤팬 ㅋΓ페로 놀ㄹ┥ 와...。http://cafe.daum.net/zkern
🤍멤버십 フト입ㅎΗ丕 https://www.youtube.com/channel/UC0z8bddfRBRBmEC-AjI6UXw/join
🖤しΗ 사생활Ｏ| 궁금㉭ㅐ...? https://www.instagram.com/zkern_official/

🤍편집: 레몬",34511466934049
tI8n8LxhkPY,뽀야미 유배 보내려고 무인도를 만들었어요 ㅋㅋㅋㅋㅋㅋㅋ,932594,472,12436,2023-03-18T10:00:38Z,https://i.ytimg.com/vi/tI8n8LxhkPY/hqdefault.jpg,"5개월만 참아줘^_^

#동물의숲 #모동숲 #acnh 

🏝섬 이름 : 아보카도🥑 / 마라도
👩주민대표 : 아오니
🌙꿈번지 : DA-2528-5743-8067 / DA-6351-3927-7264
🌙해피홈 : RA-1157-2190-7226
🌟‍인스타그램 : aonioni_
🌟‍팬카페 : https://cafe.naver.com/aonioni

[BGM 출처]
🎵Music provided by 브금대통령
🎵Track : 웃기고있네 - https://youtu.be/aY7VLF71pNM
🎵Track : 이게 머선129 - https://youtu.be/gOtwGaQUbzM
🎵Track : 도둑의 계획 - https://youtu.be/CKuI-6-Izhc
🎵Track : 오리가족의 외출 - https://youtu.be/g84nkO4afvM

Song : ODT SOUND - with my puppy
Follow Artist : https://www.youtube.com/user/jjumini 
Music promoted by DayDreamSound : https://youtu.be/Mk8SP4eixq4

Song : NATONI - 발걸음
Follow Artist : https://bit.ly/3FSbLlu
Music promoted by DayDreamSound : https://youtu.be/lz1q-rZD-E8",47212436932594
ti0Ep68vI78,모동숲 원하는주민 모으는 방법 - 초반에 할 수 있는 주민 노가다,932178,1419,10386,2020-05-21T14:18:33Z,https://i.ytimg.com/vi/ti0Ep68vI78/hqdefault.jpg,"모여봐요 동물의 숲 원하는 주민 모으는 방법 에 대해서 다뤄봤습니다.

주민 데려오기 영상 1탄

이번 영상은 초기 주민 3명 이사올 때 하는 주민 노가다
처음 입주 주민 2명 노가다 방법입니다.

주민의 성격 고정 
먹보/운동광/무뚝뚝/느끼함
친절함/아이돌/성숙함/단순활발로 구성되어있습니다.

성격 고정에 대한 정보가 들어가 있습니다.

블로그 : https://s309001.tistory.com/7
제보 및 문의 : s309001@naver.com",141910386932178
yp_3IWrR8NA,저는 섬을 갈아엎기 전에 이 9가지는 꼭 합니다! | 모동숲 섬 꾸미기 | ACNH,926624,252,10495,2021-07-08T10:02:09Z,https://i.ytimg.com/vi/yp_3IWrR8NA/hqdefault.jpg,"아무 계획 없이 싹 다 밀어버리는 실수는 절대 하지 마세요!

#동물의숲 #모동숲 #모여봐요동물의숲 #ACNH #모동숲섬꾸미기

🏝섬 이름 : 아보카도🥑 (Abcado)
👩주민대표 : 아오니 (Aoni)
🌙꿈번지 : DA-2528-5743-8067
🌟‍인스타그램 : aonioni_

---

[BGM 출처]
🎵Music provided by 브금대통령
🎵Track : Simple Hawaii - https://youtu.be/3_lPJ1COT38
🎵Track : 아기 고양이 - https://youtu.be/1rL7sardFIU
🎵Track : 오리가족의 외출 - https://youtu.be/g84nkO4afvM",25210495926624
cqxNfQb-3L8,동숲 곤충 다 잡기 도전합니다! (개 잘함),917007,416,9500,2023-06-17T10:00:34Z,https://i.ytimg.com/vi/cqxNfQb-3L8/hqdefault.jpg,"나는야 금잠자리채 보유자 음하하

#아오니 #동물의숲 #모동숲 

🏝섬 이름 : 아보카도🥑 / 마라도
👩주민대표 : 아오니
🌙꿈번지 : DA-2528-5743-8067 / DA-6351-3927-7264
🌙해피홈 : RA-1157-2190-7226
🌟‍인스타그램 : aonioni_
🌟‍팬카페 : https://cafe.naver.com/aonioni

[BGM 출처]
🎵Music provided by 브금대통령
🎵Track : 귀여운 BGM 모음 2 - https://youtu.be/Gkh-wz-cHyg 
🎵Track : 도둑의 계획 - https://youtu.be/CKuI-6-Izhc
🎵Track : 나는야 장난꾸러기 - https://youtu.be/MYLjqNApdTE
🎵Track : 이게 머선129 - https://youtu.be/gOtwGaQUbzM
🎵Track : 인생의 회전초밥 - https://youtu.be/0H-nSaK53iI
🎵Track : Brunch II - https://youtu.be/XlhBXAMHUz8
🎵Track : 오리가족의 외출 - https://youtu.be/g84nkO4afvM
🎵Track : 에어컨 아래에서 - https://youtu.be/f8nd8Fq90lU
🎵Track : Van Life - https://youtu.be/Mo76TCkFoJQ
🎵Track : 간식 - https://youtu.be/jWFZR8vPaTY
🎵Track : 뚱이는 못말려 - https://youtu.be/650XS7TLVvY

Song : ODT SOUND - with my puppy
Follow Artist : https://www.youtube.com/user/jjumini 
Music promoted by DayDreamSound : https://youtu.be/Mk8SP4eixq4",4169500917007
bLUf7viMxpI,[모동숲] 놀동숲 해본 사람? #Shorts,915413,339,19455,2022-05-05T16:13:56Z,https://i.ytimg.com/vi/bLUf7viMxpI/hqdefault.jpg,,33919455915413
U4by5Xcu2v0,(대참사) 채석장 돌을 깨먹었어요,866824,408,9998,2023-02-04T10:00:15Z,https://i.ytimg.com/vi/U4by5Xcu2v0/hqdefault.jpg,"전 진짜 괜찮아요 휘용님

#동물의숲 #모동숲 #acnh 

🌟‍인스타그램 : aonioni_
🌟‍팬카페 : https://cafe.naver.com/aonioni

[BGM 출처]
🎵Music provided by 브금대통령
🎵Track : 도둑의 계획 - https://youtu.be/CKuI-6-Izhc
🎵Track : 3월의 불멍 - https://youtu.be/E5Veny7_QkQ
🎵Track : 오리가족의 외출 - https://youtu.be/g84nkO4afvM
🎵Track : 웃기고있네 - https://youtu.be/aY7VLF71pNM
🎵Track : 뚱이는 못말려 - https://youtu.be/650XS7TLVvY
🎵Track : 여름밤의꿈(브금어게인Ver) - https://youtu.be/EAdvb1YYKF0
🎵Track : 간식 - https://youtu.be/jWFZR8vPaTY",4089998866824
vkEuW6OWmwQ,최고로 어렵다는 주민 액자 받으려다가 환장할 뻔한 이야기,845597,418,12145,2023-07-29T10:00:42Z,https://i.ytimg.com/vi/vkEuW6OWmwQ/hqdefault.jpg,"우리 섬 용남이는 고집불통

🏝섬 이름 : 아보카도🥑 / 마라도
👩주민대표 : 아오니
🌙꿈번지 : DA-2528-5743-8067 / DA-6351-3927-7264
🌙해피홈 : RA-1157-2190-7226
🌟‍인스타그램 : aonioni_
🌟‍팬카페 : https://cafe.naver.com/aonioni
🌟‍문의 : aoni_37@naver.com

#아오니 #동물의숲 #모동숲

[BGM 출처]
🎵Music provided by 브금대통령 
🎵Track : 귀여운 BGM 모음 2 - https://youtu.be/Gkh-wz-cHyg
🎵Track : 웃기고있네 - https://youtu.be/aY7VLF71pNM
🎵Track : 도둑의 계획 - https://youtu.be/CKuI-6-Izhc
🎵Track : 안졸리나 졸리다 - https://youtu.be/NNKNQMeWhm4
🎵Track : 인생의 회전초밥 - https://youtu.be/0H-nSaK53iI
🎵Track : Chicken Run - https://youtu.be/Jxn_5jtrulA
🎵Track : Van Life - https://youtu.be/Mo76TCkFoJQ
🎵Track : 집순이 - https://youtu.be/uiTv6WCOrAU
🎵Track : 사랑의 연 - https://youtu.be/v1eemRhj7ww
🎵Track : 간식 - https://youtu.be/jWFZR8vPaTY

🎵Music : 'Bread Lover'  by @dalkomsounds
🎵Link :   https://www.youtube.com/watch?v=rF00ZO28Mig

Prod. 브금공방
Light steps -   https://www.youtube.com/watch?v=5WJsJEpsVOs

출처및저작권표시 - 공유마당, CC BY
링크 - https://gongu.copyright.or.kr/gongu/wrt/wrt/view.do?wrtSn=13243505&menuNo=200026",41812145845597
YetuM4WIT6I,[3분가이드] #모동숲 초심자를 위한 1일차~7일차 완전 정복!/모여봐요 동물의 숲,830604,963,8482,2020-04-08T01:15:02Z,https://i.ytimg.com/vi/YetuM4WIT6I/hqdefault.jpg,"안녕하세요! 
이번 영상은 모동숲을 처음 시작하시는 분들을위한 1일차~7일차 #가이드 영상입니다. 
물량이 슬슬 풀려서 이제 막 시작하시는 분들이 계실 것 같은데요. 그동안 이래저래 정보로만 듣다가 플레이해보니 헷갈리시는 분들은 꼭 시청부탁드려요:)
좀 더 쉽게 이해하실 수 있도록 목소리를 함께 넣었는데 생각보다 어렵네요. 조금 어설프지만 즐겁게 시청해주세요ㅎㅎ
질문은 댓글로 남겨주세요. 
오늘도 방문해주셔서 감사합니다. 좋은 하루 되세요.

p.s. 내용이 조금 길어졌지만.. 구독자 수가 어느덧 120명이 되었어요, 구독해주신 분들 이렇게 행복을 주셔서 감사드립니다! 더 좋은 영상으로 찾아뵐게요ㅎㅎ",9638482830604
dsp7V35eGlo,제 평생 위시가 마라도에 이사왔습니다,822285,631,8489,2023-07-08T10:00:33Z,https://i.ytimg.com/vi/dsp7V35eGlo/hqdefault.jpg,"행운의 여신 아오니

#아오니 #동물의숲 #모동숲 

🏝섬 이름 : 아보카도🥑 / 마라도
👩주민대표 : 아오니
🌙꿈번지 : DA-2528-5743-8067 / DA-6351-3927-7264
🌙해피홈 : RA-1157-2190-7226
🌟‍인스타그램 : aonioni_
🌟‍팬카페 : https://cafe.naver.com/aonioni

[BGM 출처]
🎵Music provided by 브금대통령
🎵Track : 웃기고있네 - https://youtu.be/aY7VLF71pNM
🎵Track : 도둑의 계획 - https://youtu.be/CKuI-6-Izhc
🎵Track : 나는야 장난꾸러기 - https://youtu.be/MYLjqNApdTE
🎵Track : 와 이거 뭔데 - https://youtu.be/7zswBFefpLU
🎵Track : Chicken Run - https://youtu.be/Jxn_5jtrulA
🎵Track : 집순이 - https://youtu.be/uiTv6WCOrAU

Song : ODT SOUND - with my puppy
Follow Artist : https://www.youtube.com/user/jjumini 
Music promoted by DayDreamSound : https://youtu.be/Mk8SP4eixq4",6318489822285
9K5cGVqhAmo,"불행 서사 다 때려박은 주민, 내가 크리스를 챙겨주는 이유...😢 [모동숲]",795192,533,11887,2022-03-01T10:35:49Z,https://i.ytimg.com/vi/9K5cGVqhAmo/hqdefault.jpg,"#동물의숲 #모동숲 #모여봐요동물의숲
🖤풀버전 보러 ㄱrブl 📅 211216 https://youtu.be/GWLwzfr7Z4I
🤍スΙ컨 생방송 ㉰㉦ㅣ 보㉠ㅣhttps://bit.ly/2kyCIWu
🖤팬 ㅋΓ페로 놀ㄹ┥ 와...。http://cafe.daum.net/zkern
🤍멤버십 フト입ㅎΗ丕 https://www.youtube.com/channel/UC0z8bddfRBRBmEC-AjI6UXw/join
🖤しΗ 사생활Ｏ| 궁금㉭ㅐ...? https://www.instagram.com/zkern_official/

🤍편집: 찐빵찰스",53311887795192
8M0K0hhg54k,혼자 살고 싶어 하는 주민들 (모동숲),788518,162,20559,2022-07-01T00:00:02Z,https://i.ytimg.com/vi/8M0K0hhg54k/hqdefault.jpg,,16220559788518
b4fRwityGsM,주민들 부끄럽게 만드는 법 📷 (모동숲),768519,99,23041,2023-01-08T17:15:21Z,https://i.ytimg.com/vi/b4fRwityGsM/hqdefault.jpg,#모동숲 #shorts #모동숲TMI,9923041768519
9LM8NZgPC90,그렇게 영롱하다는 스피카 실물 영접하ㄱ,759730,348,6363,2021-12-06T10:15:00Z,https://i.ytimg.com/vi/9LM8NZgPC90/hqdefault.jpg,"영롱하다 영롱해.

#동물의숲 #모동숲 #모여봐요동물의숲 #ACNH

🏝섬 이름 : 아보카도🥑 (Abcado)
👩주민대표 : 아오니 (Aoni)
🌙꿈번지 : DA-2528-5743-8067
🌟‍인스타그램 : aonioni_

----

[타임라인]
00:00 스피카 만나기 전
03:33 스피카와의 만남
04:41 스피카 만난 후

---

[BGM 출처]
🎵Music provided by 브금대통령 
🎵Track : 귀여운 BGM 모음 2 - https://youtu.be/Gkh-wz-cHyg

[음성 출처]
본 음성은 인공지능 성우 서비스 타입캐스트에서 제작되었습니다.
인공지능 성우 애니, 카밀라, 호빈이",3486363759730
y3BpD7hiLIk,모동숲 비주얼 담당 사슴 주민들의 비밀,758302,124,21852,2022-04-27T00:00:27Z,https://i.ytimg.com/vi/y3BpD7hiLIk/hqdefault.jpg,#SHORTS,12421852758302
jnTZpsToJIw,모동숲 주민이랑 셀카 찍는 법,756206,73,17634,2022-08-13T00:00:12Z,https://i.ytimg.com/vi/jnTZpsToJIw/hqdefault.jpg,,7317634756206
apguKut1CAw,모여봐요 동물의 숲 접겠습니다.........,752323,383,8921,2022-07-30T11:12:54Z,https://i.ytimg.com/vi/apguKut1CAw/hqdefault.jpg,"#모여봐요동물의숲 #모동숲 #동물의숲
🖤풀버전 보러 ㄱrブl 📅 220714 https://youtu.be/Yzq-aeHfufU
🤍スΙ컨 생방송 ㉰㉦ㅣ 보㉠ㅣhttps://bit.ly/2kyCIWu
🖤팬 ㅋΓ페로 놀ㄹ┥ 와...。http://cafe.daum.net/zkern
🤍멤버십 フト입ㅎΗ丕 https://www.youtube.com/channel/UC0z8bddfRBRBmEC-AjI6UXw/join
🖤しΗ 사생활Ｏ| 궁금㉭ㅐ...? https://www.instagram.com/zkern_official/

🤍편집: 찐빵찰스",3838921752323
eQtDJ0AeLoI,모동숲 애플 뽀야미가 인기 주민인 이유 🐹,743821,242,26771,2022-04-02T00:00:16Z,https://i.ytimg.com/vi/eQtDJ0AeLoI/hqdefault.jpg,"#shorts #샐리의모동숲 #모동숲tmi

🎵Music provided by 브금대통령
🎵Track : 귀여운 BGM 모음 - https://youtu.be/hgNrf9QqAA0",24226771743821
Tca8x5kyyVA,1티어 주민만 보면 동태 눈깔이 되는 유튜버,731787,318,8111,2023-01-01T09:00:10Z,https://i.ytimg.com/vi/Tca8x5kyyVA/hqdefault.jpg,"#모여봐요동물의숲 #모동숲 #동물의숲
🖤풀버전 보러 ㄱrブl 📅 221222 https://youtu.be/vyyNU_lhwuM
🤍スΙ컨 생방송 ㉰㉦ㅣ 보㉠ㅣhttps://bit.ly/2kyCIWu
🖤팬 ㅋΓ페로 놀ㄹ┥ 와...。http://cafe.daum.net/zkern
🤍멤버십 フト입ㅎΗ丕 https://www.youtube.com/channel/UC0z8bddfRBRBmEC-AjI6UXw/join
🖤しΗ 사생활Ｏ| 궁금㉭ㅐ...? https://www.instagram.com/zkern_official/

🤍편집: 딱지",3188111731787
YNOL5JWyKOw,하루 종일 애플이만 괴롭혀봤습니다ㅋㅋㅋㅋㅋㅋㅋ,726967,407,8524,2023-07-07T10:00:21Z,https://i.ytimg.com/vi/YNOL5JWyKOw/hqdefault.jpg,"그만 귀여워라 김애플

#아오니 #동물의숲 #모동숲 

🏝섬 이름 : 아보카도🥑 / 마라도
👩주민대표 : 아오니
🌙꿈번지 : DA-2528-5743-8067 / DA-6351-3927-7264
🌙해피홈 : RA-1157-2190-7226
🌟‍인스타그램 : aonioni_
🌟‍팬카페 : https://cafe.naver.com/aonioni

[BGM 출처]
🎵Music provided by 브금대통령
🎵Track : 귀여운 BGM 모음 2 - https://youtu.be/Gkh-wz-cHyg 
🎵Track : 웃기고있네 - https://youtu.be/aY7VLF71pNM
🎵Track : 도둑의 계획 - https://youtu.be/CKuI-6-Izhc
🎵Track : 나는야 장난꾸러기 - https://youtu.be/MYLjqNApdTE
🎵Track : 이게 머선129 - https://youtu.be/gOtwGaQUbzM
🎵Track : 맛있는 냄새 - https://youtu.be/E4ZyeUwV6-A
🎵Track : Brunch II - https://youtu.be/XlhBXAMHUz8
🎵Track : Chicken Run - https://youtu.be/Jxn_5jtrulA
🎵Track : 오리가족의 외출 - https://youtu.be/g84nkO4afvM
🎵Track : 에어컨 아래에서 - https://youtu.be/f8nd8Fq90lU
🎵Track : 간식 - https://youtu.be/jWFZR8vPaTY
🎵Track : 새해에는 - https://youtu.be/bINZIdlQTj0
🎵Track : 뉘예뉘예 - https://youtu.be/r0zC62qBm_w
🎵Track : 뚱이는 못말려 - https://youtu.be/650XS7TLVvY

Song : ODT SOUND - with my puppy
Follow Artist : https://www.youtube.com/user/jjumini 
Music promoted by DayDreamSound : https://youtu.be/Mk8SP4eixq4",4078524726967
E5b4TF6HPog,"모동숲 이사노가다. 이사보내기 100%성공 방법 【동물의숲 주민이사, 이사보내는 방법】",709057,1600,6174,2020-04-26T06:44:34Z,https://i.ytimg.com/vi/E5b4TF6HPog/hqdefault.jpg,"모동숲 이사노가다. 100%성공 강제 이사 방법 

【동물의숲 주민이사, 골라서 이사보내기】

영상 보시면서 천천히 따라하시면

보내고 싶은 주민 골라서 보내실수있어요.

동물의숲 위시주민을 모두 채우는 그날까지~~!!!

#모동숲 #모동숲이사노가다 #모동숲이사보내기",16006174709057
FLRrJCh_VaA,결국 1티어 주민에게 넘어가 버린 유튜버,706297,327,8999,2023-01-22T10:51:45Z,https://i.ytimg.com/vi/FLRrJCh_VaA/hqdefault.jpg,"#모여봐요동물의숲 #모동숲 #동물의숲
🖤풀버전 보러 ㄱrブl 📅 230112 https://youtu.be/ah0BuVHL0iU
🤍スΙ컨 생방송 ㉰㉦ㅣ 보㉠ㅣhttps://bit.ly/2kyCIWu
🖤팬 ㅋΓ페로 놀ㄹ┥ 와...。http://cafe.daum.net/zkern
🤍멤버십 フト입ㅎΗ丕 https://www.youtube.com/channel/UC0z8bddfRBRBmEC-AjI6UXw/join
🖤しΗ 사생활Ｏ| 궁금㉭ㅐ...? https://www.instagram.com/zkern_official/

🤍편집: 으닝",3278999706297
22zy0mElCGU,이제서야 산리오 아미보를 산 동숲 유튜버 +자연풍 찰떡 아이템 추천 | 모동숲 일상 | ACNH,688107,295,10111,2021-08-19T10:15:00Z,https://i.ytimg.com/vi/22zy0mElCGU/hqdefault.jpg,"이제라도 샀으니..
다행.. 인거죠..?

#동물의숲 #모동숲 #모여봐요동물의숲 #ACNH

🏝섬 이름 : 아보카도🥑 (Abcado)
👩주민대표 : 아오니 (Aoni)
🌙꿈번지 : DA-2528-5743-8067
🌟‍인스타그램 : aonioni_

---

[타임라인]
00:00 구매 스토리
00:43 산리오 주민과의 만남
03:11 산리오 아이템 추천
07:10 좋아요 눌러주삼

---
[BGM 출처]
🎵Music provided by 브금대통령
🎵Track : 에어컨 아래에서 - https://youtu.be/f8nd8Fq90lU
🎵Track : 아기 고양이 - https://youtu.be/1rL7sardFIU
🎵Track : 오리가족의 외출 - https://youtu.be/g84nkO4afvM
🎵Track : 귀여운 BGM 모음 2 - https://youtu.be/Gkh-wz-cHyg
🎵Track : 코믹한 BGM 모음  - https://youtu.be/M3j0QKsiIPc",29510111688107
sg5Isuu5BkM,섬을 떠나고 싶은 주민들 [모여봐요 동물의숲 24화],681025,1088,5113,2020-06-13T09:00:20Z,https://i.ytimg.com/vi/sg5Isuu5BkM/hqdefault.jpg,"#모동숲 #이사 #주민작

◆ 트위치 생방송 https://www.twitch.tv/kimbangduck
◆ 문의 혹은 하고 싶은 말 kbd2018@naver.com
◆ 팬카페 https://cafe.naver.com/gyeonnim",10885113681025
erA97JPrzwQ,동숲 주민이 병에 걸리는 이유,675354,149,17242,2022-08-08T06:00:11Z,https://i.ytimg.com/vi/erA97JPrzwQ/hqdefault.jpg,"사실 살아있는 게 기적이었다고 한다

* 모동숲 영상 연속으로 보기(재생목록) https://www.youtube.com/playlist?list=PLgwe3yiGeN-hido3XcTVz3vjyppAsGDfD


#모동숲 #동물의숲 #동숲업데이트",14917242675354
ei0x5dny0lk,주민 집 고퀄리티로 업그레이드 해주기✨,670405,355,9287,2022-05-13T10:30:06Z,https://i.ytimg.com/vi/ei0x5dny0lk/hqdefault.jpg,"얘들아, 밥 사라.

#동물의숲 #모동숲 #ACNH

🏝섬 이름 : 아보카도🥑 (Abcado)
👩주민대표 : 아오니 (Aoni)
🌙꿈번지 : DA-2528-5743-8067
🌙해피홈 : RA-1157-2190-7226
🌟‍인스타그램 : aonioni_

---

[타임라인]
00:00 인트로
01:01 쭈니 집 꾸미기
04:48 쭈니 집 완성
05:28 시베리아 집 꾸미기
08:47 시베리아 집 완성

---

[BGM 출처]
🎵Music provided by 브금대통령
🎵Track : 나는야 장난꾸러기 - https://youtu.be/MYLjqNApdTE
🎵Track : 뉘예뉘예 - https://youtu.be/r0zC62qBm_w
🎵Track : 뚱이는 못말려 - https://youtu.be/650XS7TLVvY",3559287670405
oW1mny-0BmU,모동숲 인기주민 랭킹,659754,591,20840,2023-08-17T06:00:30Z,https://i.ytimg.com/vi/oW1mny-0BmU/hqdefault.jpg,"#Shorts #모동숲 #동물의숲 
-
♥로나딩 유튜브 멤버십https://www.youtube.com/channel/UCg7ZESiNqxYUeJilJR4_Y1w/join
- 구독뱃지&구독티콘 사용, 생방송 다시보기 시청 가능!
♥로나딩 트위치 생방송 https://www.twitch.tv/s_s_you
♥로나딩 후원 https://toon.at/donate/637204765074825066
♥로나딩 팬심 https://fancim.me/celeb/profile.aspx?cu_id=melona
♥로나딩 이메일 tvmelona@gmail.com

♥편집딩 : 로나딩",59120840659754
Tl9QIENQbuY,이상한 인기 주민 이사왔다 ㅋㅋ 낚시 대회 ! 힐링갓겜 아님? 노가다 게임 동물의숲 ? ㅋㅋ 버섯도리 스위치 모동숲,2125277,1111,8283,2020-04-16T23:00:06Z,https://i.ytimg.com/vi/Tl9QIENQbuY/hqdefault.jpg,"버섯 섬 주인은 엄마인데… 버섯섬에 새로 이사온 주민이 있어요 ㅋㅋㅋ 강력한 라이벌이 등장했습니다. 이미 집 2채, 텐트가 2개인데 ㅋㅋ 
오자마자 리더를 하겠다고 낚시 대결을 신청하네요 ㅎㅎ 과연 누가 이길까요? 
오늘도 재미있게 봐주세요 !!

버섯도리 Mushroom boy

#인기주민, #주민이사, #동물의숲",111182832125277
T4OK6sJ07YI,다시 시작해요 대출의 숲,1329803,646,12996,2022-06-25T10:00:13Z,https://i.ytimg.com/vi/T4OK6sJ07YI/hqdefault.jpg,"또 너굴이의 노예가 되었습니다.

#동물의숲 #모동숲 #모여봐요동물의숲

🏝섬 이름 : 아보카도🥑 / 마라도
👩주민대표 : 아오니
🌙꿈번지 : DA-2528-5743-8067 / (생성 예정)
🌙해피홈 : RA-1157-2190-7226
🌟‍인스타그램 : aonioni_

---

[BGM 출처]
🎵Music provided by 브금대통령
🎵Track : 나는야 장난꾸러기 - https://youtu.be/MYLjqNApdTE
🎵Track : 뉘예뉘예 - https://youtu.be/r0zC62qBm_w
🎵Track : 3월의 불멍 - https://youtu.be/E5Veny7_QkQ
🎵Track : 뚱이는 못말려 - https://youtu.be/650XS7TLVvY

[음성 출처]
본 음성은 인공지능 성우 서비스 타입캐스트에서 제작되었습니다.
인공지능 성우 호빈이",646129961329803
fMR3-0-gpYw,"드디어 해피홈 시작했는데, 제 2의 너굴이를 만나버렸습니다.",1211576,450,8717,2021-12-12T10:15:01Z,https://i.ytimg.com/vi/fMR3-0-gpYw/hqdefault.jpg,"끝나지 않는 노동의 굴레.

#동물의숲 #모동숲 #모여봐요동물의숲 #ACNH

🏝섬 이름 : 아보카도🥑 (Abcado)
👩주민대표 : 아오니 (Aoni)
🌙꿈번지 : DA-2528-5743-8067
🌟‍인스타그램 : aonioni_

----

[타임라인]
00:00 솜이와의 만남
06:07 첫 번째 고객 반말 코끼리
11:34 진짜 이게 끝이야?

---

[음성 출처]
본 음성은 인공지능 성우 서비스 타입캐스트에서 제작되었습니다.
인공지능 성우 호빈이",45087171211576
dz10wySgCOc,모동숲의 흔한 일상 (feat.도플갱어),840043,346,10118,2022-06-11T10:15:03Z,https://i.ytimg.com/vi/dz10wySgCOc/hqdefault.jpg,"진짜 최종_최최종_최최최종

#동물의숲 #모동숲 #모여봐요동물의숲

🏝섬 이름 : 아보카도🥑 (Abcado)
👩주민대표 : 아오니 (Aoni)
🌙꿈번지 : DA-2528-5743-8067
🌙해피홈 : RA-1157-2190-7226
🌟‍인스타그램 : aonioni_

---

[BGM 출처]
🎵Music provided by 브금대통령
🎵Track : 나는야 장난꾸러기 - https://youtu.be/MYLjqNApdTE
🎵Track : 와 이거 뭔데 - https://youtu.be/7zswBFefpLU
🎵Track : 뉘예뉘예 - https://youtu.be/r0zC62qBm_w
🎵Track : 3월의 불멍 - https://youtu.be/E5Veny7_QkQ

[음성 출처]
본 음성은 인공지능 성우 서비스 타입캐스트에서 제작되었습니다.
인공지능 성우 호빈이, 대길, 아봉",34610118840043
6hqdzSsrkdo,애플이랑 부케가 싸웠습니다 [모여봐요 동물의숲 마지막화],670124,1612,5995,2020-07-25T09:00:03Z,https://i.ytimg.com/vi/6hqdzSsrkdo/hqdefault.jpg,"#모동숲 #마지막 #엔딩

◆ 트위치 생방송 https://www.twitch.tv/kimbangduck
◆ 문의 혹은 하고 싶은 말 kbd2018@naver.com
◆ 팬카페 https://cafe.naver.com/gyeonnim",16125995670124
Uz0UUC6Xpyc,[동물의숲] 주민이 섬을 떠나려고 한다면?! #모동숲,631533,93,13574,2023-06-07T09:15:01Z,https://i.ytimg.com/vi/Uz0UUC6Xpyc/hqdefault.jpg,"모여봐요 동물의 숲, 주민이 섬을 떠나려고 한다면 어떡하면 좋을까요..
선물공세를 해봐요

#모동숲 #동물의숲 #피터 #주민 #닌텐도 #스위치 #쇼츠
#shorts #switch #nintendo #animalcrossing",9313574631533
rMfuiJs7WqI,※레전드※ 마일섬과 캠핑장에서 나온 주민의 정체 [모여봐요 동물의숲 28화],604286,790,4193,2020-06-29T09:00:14Z,https://i.ytimg.com/vi/rMfuiJs7WqI/hqdefault.jpg,"#모동숲 #마일섬 #주민작

◆ 트위치 생방송 https://www.twitch.tv/kimbangduck
◆ 문의 혹은 하고 싶은 말 kbd2018@naver.com
◆ 팬카페 https://cafe.naver.com/gyeonnim",7904193604286
HS-e2sOv8pg,"캠핑장에 찾아온 레전드 주민, 결국 데려왔습니다",589373,564,9106,2023-11-25T10:00:21Z,https://i.ytimg.com/vi/HS-e2sOv8pg/hqdefault.jpg,"로또 사러 갈게요

#아오니 #동물의숲 #모동숲

[정보]
- 섬 : 아보카도 / 마라도
- 꿈번지 : DA-2528-5743-8067 / DA-6351-3927-7264
- 해피홈 : RA-1157-2190-7226
- 인스타그램 : @aonioni_
- 팬카페 : https://cafe.naver.com/aonioni
- 문의 : aoni_37@naver.com

[BGM 출처]
🎵Music provided by 브금대통령 
🎵Track : 귀여운 BGM 모음 2 - https://youtu.be/Gkh-wz-cHyg
🎵Track : 웃기고있네 - https://youtu.be/aY7VLF71pNM
🎵Track : 도둑의 계획 - https://youtu.be/CKuI-6-Izhc
🎵Track : 나는야 장난꾸러기 - https://youtu.be/MYLjqNApdTE
🎵Track : 3월의 불멍 - https://youtu.be/E5Veny7_QkQ
🎵Track : Chicken Run - https://youtu.be/Jxn_5jtrulA
🎵Track : 에어컨 아래에서 - https://youtu.be/f8nd8Fq90lU
🎵Prod. 브금공방
🎵Twins Play -   https://www.youtube.com/watch?v=mbceBsVLmJE
🎵Light steps -   https://www.youtube.com/watch?v=5WJsJEpsVOs
Song : ODT SOUND - with my puppy
Follow Artist : https://www.youtube.com/user/jjumini 
Music promoted by DayDreamSound : https://youtu.be/Mk8SP4eixq4",5649106589373
1OoOaZQ4TU8,[모동숲] 주민에게 손절당하기  〔밀어서 인성해제〕,581590,860,5964,2020-05-03T03:00:01Z,https://i.ytimg.com/vi/1OoOaZQ4TU8/hqdefault.jpg,"모동숲(모여봐요 동물의숲) 유튜버 쏨이 & 땀이 채널 입니다.
あつ森（あつまれどうぶつの森）YouTuber ソミ、ダミのチャンネルでございます。
ACNH(animal crossing new horizons)  YouTuber Ssomi & Ddami Channel.

💬 ENG SUB / 日本語字幕（じまく）
📧 Email : ssomddamtv@naver.com
🚫 영상 무단 사용 금지

#あつ森 #acnh #모동숲 #동물의숲  #동숲",8605964581590
BPO56tD3q0E,모동숲 절대로 하면 안되는 행동 2가지 (데이터 백업 불가 & 세이브 데이터 손상 버그),560637,485,5176,2020-05-05T12:15:30Z,https://i.ytimg.com/vi/BPO56tD3q0E/hqdefault.jpg,"모여봐요 동물의 숲은 데이터 백업 기능을 지원해주지 않습니다.(아직)

곧 닌텐도 클라우드 서비스가 지원될 예정이나 구체적인 시점이 언제가 될지 미정입니다.

또한, 잘못된 습관으로 세이브 데이터 손상 버그가 발생할 수 있는 내용을 담았습니다.

네이버 블로그 : https://blog.naver.com/s309001",4855176560637
F1CHSn3JViI,[모동숲] 동숲에 좀비가 나타났다!? 😦 마을 주민들이 총을 들고 좀비를 무찌르는 어딘가 이상한 동물의 숲 5탄,558690,408,5702,2022-04-10T03:13:44Z,https://i.ytimg.com/vi/F1CHSn3JViI/hqdefault.jpg,"안녕하세요 모양몬입니다!
오늘은 어딘가 이상한 동물의숲 시리즈 5탄!
어딘가 아주 많~이 이상한 동물의숲 입니다!!

우리 섬에 좀비가 나타났다면 ?!
마을주민이 모두 좀비로 변하고 남아있는 주민들이
총을 들고 좀비를 무찌르는 신기하고 재밌는 게임입니다!

재미있게 시청해주세요 💕

*저같은 쫄보도 재밌게 즐길 수 있는 게임이지만,
혹시라도 좀비 이런거 많이 무서워하시는 분들은 조심히 봐주세용!


💎 Twitch게임방송도 하고있답니다 
""모양몬""검색하고 보러와주세요 ♡
https://www.twitch.tv/moyangmon

💎 모양몬 구독하기 :) ♥
https://www.youtube.com/c/모양몬Moyangmon

💎모양몬과 소통하기 트게더  :)
https://tgd.kr/moyangmon







#모동숲",4085702558690
WC8dCUZ2xQA,모동숲 비인기주민 랭킹,548582,960,12417,2023-08-27T06:00:23Z,https://i.ytimg.com/vi/WC8dCUZ2xQA/hqdefault.jpg,"#Shorts #모동숲 #동물의숲 
-
♥로나딩 유튜브 멤버십https://www.youtube.com/channel/UCg7ZESiNqxYUeJilJR4_Y1w/join
- 구독뱃지&구독티콘 사용, 생방송 다시보기 시청 가능!
♥로나딩 트위치 생방송 https://www.twitch.tv/ronading
♥로나딩 후원 https://toon.at/donate/637204765074825066
♥로나딩 팬심 https://fancim.me/celeb/profile.aspx?cu_id=melona
♥로나딩 이메일 tvmelona@gmail.com

♥편집딩 : 로나딩",96012417548582
EDj6YXld44U,"모동숲 이사를 강제로 보내는 방법 알려드립니다 'ㅁ'【모동숲 주민이사,모여봐요 동물의숲】",518657,478,3544,2020-03-27T02:27:24Z,https://i.ytimg.com/vi/EDj6YXld44U/hqdefault.jpg,"모동숲 이사를 강제로 보내는 방법 알려드립니다 'ㅁ'【모동숲 주민이사,모여봐요 동물의숲】

#모동숲 #모여봐요동물의숲 #동물의숲


연락처:xalsrb@naver.com
문의는 위 연락처로 대화 주시면 됩니다

게임 전문 // 다다TV에 오신것을 환영합니다.

모바일 aos 게임 전 프로게이머 다다 입니다.

▶ 제 허락없이 영상을 사용하는 행위는 어떠한 경우에도 절대 금지합니다. ◀",4783544518657
gQiiB0jooFw,😈 히죽아 입주 축하한드아아!!!!!! 히죽이 입덕 영상.zip [모동숲],506454,350,7266,2022-03-16T08:39:00Z,https://i.ytimg.com/vi/gQiiB0jooFw/hqdefault.jpg,"#동물의숲 #모동숲 #모여봐요동물의숲
🖤풀버전 보러 ㄱrブl 📅 210515 https://youtu.be/0dBC8AE7pYQ
🤍スΙ컨 생방송 ㉰㉦ㅣ 보㉠ㅣhttps://bit.ly/2kyCIWu
🖤팬 ㅋΓ페로 놀ㄹ┥ 와...。http://cafe.daum.net/zkern
🤍멤버십 フト입ㅎΗ丕 https://www.youtube.com/channel/UC0z8bddfRBRBmEC-AjI6UXw/join
🖤しΗ 사생활Ｏ| 궁금㉭ㅐ...? https://www.instagram.com/zkern_official/

🤍편집: 찐빵찰스",3507266506454
PRd0Wj2XSnM,드디어 모동숲 시작! 알못 지컨의 취향 저격 주민은? 🏝동물의 숲 주민 월드컵🍒,500648,228,6183,2021-05-22T09:00:07Z,https://i.ytimg.com/vi/PRd0Wj2XSnM/hqdefault.jpg,"#모여봐요동물의숲 #모동숲 #이상형월드컵
해당 생방송 스트리밍 날짜 - 210507
지컨 유튜브 생방송 - https://bit.ly/2kyCIWu
지컨 팬 카페로 놀러 오세요! - http://cafe.daum.net/zkern
멤버십 구독해주세요 - 
https://www.youtube.com/channel/UC0z8bddfRBRBmEC-AjI6UXw/join
지컨 인스타그램 https://www.instagram.com/zkern_official/

편집: 찐빵찰스",2286183500648
FzkHVtaW7a8,동숲 해본 사람이라면 99%가 공감하는 영상,491175,316,6102,2023-06-04T10:00:09Z,https://i.ytimg.com/vi/FzkHVtaW7a8/hqdefault.jpg,"리셋충동 처음 느껴봐요

#아오니 #동물의숲 #모동숲 

🏝섬 이름 : 아보카도🥑 / 마라도
👩주민대표 : 아오니
🌙꿈번지 : DA-2528-5743-8067 / DA-6351-3927-7264
🌙해피홈 : RA-1157-2190-7226
🌟‍인스타그램 : aonioni_
🌟‍팬카페 : https://cafe.naver.com/aonioni

[BGM 출처]
🎵Music provided by 브금대통령
🎵Track : 뚱땅뚱땅 - https://youtu.be/tIiIUMA3wqA
🎵Track : 귀여운 BGM 모음 2 - https://youtu.be/Gkh-wz-cHyg 
🎵Track : 웃기고있네 - https://youtu.be/aY7VLF71pNM
🎵Track : 도둑의 계획 - https://youtu.be/CKuI-6-Izhc
🎵Track : 나는야 장난꾸러기 - https://youtu.be/MYLjqNApdTE
🎵Track : 이게 머선129 - https://youtu.be/gOtwGaQUbzM
🎵Track : 3월의 불멍 - https://youtu.be/E5Veny7_QkQ
🎵Track : Chicken Run - https://youtu.be/Jxn_5jtrulA
🎵Track : 오리가족의 외출 - https://youtu.be/g84nkO4afvM
🎵Track : 잡은 그 손 놓지 않으리 - https://youtu.be/hDkv7Bfk8VU
🎵Track : 뚱이는 못말려 - https://youtu.be/650XS7TLVvY
🎵Track : 집순이 - https://youtu.be/uiTv6WCOrAU

Song : ODT SOUND - with my puppy
Follow Artist : https://www.youtube.com/user/jjumini 
Music promoted by DayDreamSound : https://youtu.be/Mk8SP4eixq4",3166102491175
UImOW7t5WUY,돈버는 방법 7가지 간단 소개! - 모동린이를 위한 공략,1160120,659,13795,2020-05-02T00:00:06Z,https://i.ytimg.com/vi/UImOW7t5WUY/hqdefault.jpg,"모여봐요 동물의 숲 7가지 돈버는 방법입니다.

영상에서 보여드렸던 사이트 링크입니다.
무주식 계산기
https://turnipprophet.io/
(가장 마음에 드는 사이트라 링크 남깁니다.)
이 외에도 핸드폰 어플 [무트코인 계산기] 어플 등의 다양한 어플이 있으니
입 맛에 맞는 보조 도구를 사용하기 바라요!


네이버 블로그 : https://blog.naver.com/s309001",659137951160120
vjlBok7EArE,모동숲 캠프노가다로 [느끼함] 성격 주민 모으는 방법  - 캠프장 주민 노가다 공략,393746,736,5266,2020-06-04T13:32:48Z,https://i.ytimg.com/vi/vjlBok7EArE/hqdefault.jpg,"모여봐요 동물의 숲에서 캠프노가다를 하는 방법입니다.

게임 초기 주민을 얻는 방법에 이어서

주민 노가다 2탄입니다.

흔히 캠프노가다, 캠노로 알려져있는 위시 주민 모으는 방법인데,

주민 성격을 느끼함으로 잘나오게 하는 방법까지 다뤄봤습니다.

제보 및 문의 : s309001@naver.com
네이버 인플루언서 : https://in.naver.com/s309001
네이버 블로그 : https://blog.naver.com/s309001",7365266393746
Clow-HQTaHY,모동숲 주민 강제이사 보내면서 인기주민 데려오는 방법//캠프노가다,387402,447,3249,2020-04-29T03:38:38Z,https://i.ytimg.com/vi/Clow-HQTaHY/hqdefault.jpg,"모동숲 주민 강제이사 보내면서 인기주민 데려오는 방법//캠프노가다

#모동숲 #AnimalCrossing #동물의숲

연락처:xalsrb@naver.com
문의는 위 연락처로 대화 주시면 됩니다

게임 전문 // 다다TV에 오신것을 환영합니다.

모바일 aos 게임 전 프로게이머 다다 입니다.

▶ 제 허락없이 영상을 사용하는 행위는 어떠한 경우에도 절대 금지합니다. ◀",4473249387402
kkxZVewcs-Y,모여봐요 동물의 숲 주민 인기 순위 TOP20 국가별 비교 (한국vs일본vs미국vs중국),203773,665,1932,2020-05-14T11:16:41Z,https://i.ytimg.com/vi/kkxZVewcs-Y/hqdefault.jpg,"모여봐요 동물의 숲 국가별 주민 인기 순위 TOP20
이 순위를 참고하시고 주민 노가다를 하시면 돼겠죠?
주민 이사에 성공하시기 바랍니다!
한국, 일본, 미국, 중국 국가별로 주민 인기순위를 알아봤습니다.

BGM : Lux-Inspira- Na Na Na
일본 : https://gamewith.jp/atsumori/article/show/198606
미국 : https://gamewith.net/animal-crossing-new-horizons/article/show/18171
중국 : https://www.hk01.com",6651932203773
OOuZf5bxLL4,[모동숲] 쭈니의 하루일과 / 인기주민 1위 쭈니의 하루에 대해서 알아보자!,161003,538,2199,2020-12-04T10:00:07Z,https://i.ytimg.com/vi/OOuZf5bxLL4/hqdefault.jpg,"오랜만에 하루일과 시리즈입니다!
하루일과 시리즈를 좋아해주시는 로나딩 여러분들 감사해요❤
-
♥메로나 트위치 생방송 https://www.twitch.tv/s_s_you
♥메로나 후원 http://twip.kr/donate/s_s_you
♥메로나 팬심 https://fancim.me/celeb/profile.aspx?cu_id=melona
♥메로나 이메일 tvmelona@gmail.com

♥편집 메로나
♥인트로 브금 Jensation - Delicious",5382199161003
MnP0Sty-8Ts,무조건 성공하는 초기3주민 노가다 ㅣ모동숲 꿀팁ㅣACNH,108843,257,1534,2023-04-08T10:10:00Z,https://i.ytimg.com/vi/MnP0Sty-8Ts/hqdefault.jpg,"🌴섬 이름: 크레센도
👑주민대표: 혜광
🍄팬카페: https://cafe.naver.com/hyegang2


안녕하세요! 여러분 ! 혜광2입니다!
오늘은 초기3주민 노가다를 해봤는데요!?
저만의 꿀팁 3가지도 공유해봅니다!! 
오늘도 재밌게 봐주세요!! ㅎㅎ!!!!
.
[00:00] 인트로
[00:28] 주민노가다설명
[01:51] 주민노가다 꿀팁3가지
[03:30] 주민노가다 진행
[05:10] 재주를 부려보겠습니다..☆
[06:40] 아웃트로
.
[BGM]
🎵Music provided by 브금대통령
🎵Track : 사르르 녹는 귀여운 BGM 모음 3탄! -[https://youtu.be/czajaQpTBds](https://www.youtube.com/watch?v=czajaQpTBds&t=0s)
.
#동물의숲 #모동숲 #모여봐요동물의숲 #주민노가다 #초기주민 #힐링  #동숲 #animalcrossingnewhorizons #초기주민노가다  #동숲일기",2571534108843
UE6l5sE1Tro,"모동숲 친절A, 친절B에 대한 모든 것! (성격 서브타입, 대화유형 총정리)",79581,74,773,2021-11-04T02:29:23Z,https://i.ytimg.com/vi/UE6l5sE1Tro/hqdefault.jpg,"이번엔 여섯번째 성격, ""친절함"" 성격에 대해 분석해봤어요! 
내성적이지만 할말은 다 하는 똑띠들!! 

인기주민 뽀야미, 사이다, 귀오미, 이요, 다람, 문리나, 메이 등이 모두 친절주민 이랍니당 

친절주민들은 독서, 요리, 뜨개질 같이 집에서 하기 좋은 취미를 즐겨요! 

요즘같은 시국에 알맞는 취미 생활이네요 ㅎ.ㅎ 

#모동숲 #모여봐요동물의숲 #animalcrossing",7477379581
h_8gFLaVmGA,"[모동숲 공략] 다른 섬 가서 파밍, 주민 데려오기, 친구 섬으로 여행가는 법!! - 최준스",65247,78,375,2020-03-28T03:08:57Z,https://i.ytimg.com/vi/h_8gFLaVmGA/hqdefault.jpg,"-아주 기초적인 공략입니다. 너무 쉬운거 왜 공략영상 만드냐는 분도 있으실 텐데 전 초딩이였을 때 대출금 갚는 방법 몰라서 고생했었음 ㅋㅋㅋ
-초보 동숲러들과 입문자들을 위한 가이드입니다!!
-여러 공략영상 추가 업로드 예정입니다!

저와 소통하고픈 사람들을 위한 트위터:
https://twitter.com/Joons_CHOI

생방송은 트위치에서 합니다!

▶최준스 구독하기:https://goo.gl/5Pz9m6
영상이 도움되셨고 새로운 영상소식 제일 먼저 받아보고 싶으시다면 유튜브 구독 및 좋아요 부탁드립니다! 앞으로 이런 영상을 계속 올릴 예정입니다!

==디스코드==
https://discord.gg/BTzF8wt
제보, 팬아트, 대화, 수다 모두 환영합니다!!

(현재는 일시적 휴방중)평일과 매주 금,토,일은 트위치에서 생방송을 하고 있습니다!

트위치도 최준스가 제 닉네임입니다!! 많이들 들러주세요!
▶▶트위치 주소:https://www.twitch.tv/jamestreaming

#닌텐도스위치 #동물의숲 #모여봐요동물의숲 #최준스

모여봐요 동물의 숲
あつまれどうぶつの森
Animal Crossing: New Horizons",7837565247
JfgAbBf_xC0,모동숲 액자작 공략 (생일작/주민의 사진 하루만에 얻는 법),58541,49,923,2022-02-26T22:30:01Z,https://i.ytimg.com/vi/JfgAbBf_xC0/hqdefault.jpg,"액자 노가다 공략입니다 😙

__

//Codes//

✨ 해피홈 파라다이스: RA-2350-2064-4449
✨ 마늘섬 꿈번지(미완성): DA-9355-4933-3878

__

//Contact Info.//

💛E-Mail : sally.crossing.33@gmail.com
💛Instagram : @sally_crossing_acnh
💛https://www.instagram.com/sally_crossing_acnh/

인스타에 섬꾸미기, 별장꾸미기 이미지를 올리고 있어요😊

__
//Timeline//

00:00 본인 사진을 본 주민의 반응
00:20 액자 노가다 리얼타임 공략
01:27 타임슬립 공략 (하루컷)
03:50 친밀도 확인 방법

__
//Music//

Ehrling-Lounge
Ehrling-Dance with Me
__

#모여봐요동물의숲 #모동숲 #액자작 #액자노가다 #동물의숲 #acnh #anchinspo",4992358541
nrZ-4vT2xdc,[모동숲]인기주민과 함께하는 카니발 이벤트 공략/2022년  [animal crossing] [あつまれ どうぶつの森],606,1,12,2022-02-26T01:00:12Z,https://i.ytimg.com/vi/nrZ-4vT2xdc/hqdefault.jpg,"00:40 너굴상점 비바! 카니발 리액션 레시피.
01:20 베르리나 깃털 모으기 미션.
01:27 DIY 무지개 깃털 레시피 받음.
02:01 주민과 깃털 교환하기.
02:13 베르리나 카니발 아이템 교환.
02:26 베르리나 무지개 깃털 미션.
03:10 베르리나 무지개 깃털 최종 보상 카니발 플로트.
03:17 카니발 아이템 10종.
03:21 카니발 아이템 리폼.
03:32 카니발 관련 상품 안내.",112606
dhzCx6YeY3A,[모동숲]인기 주민 시베리아 생파/크리스마스 아이템/풍선 노가다/크리스마스 꿀팁/레시피 공략/레시피 얻기  [animal crossing] [あつまれ どうぶつの森],54,0,3,2020-12-23T06:15:01Z,https://i.ytimg.com/vi/dhzCx6YeY3A/hqdefault.jpg,게임 안하고 보기만 해도 힐링되는 모여봐요 동물의숲~~,0354
PoYqY8H-Y8s,"빚 독촉장으로 가득해진 섬, 원상복구 노동 들어갑니다",1060286,356,15413,2023-05-20T10:00:17Z,https://i.ytimg.com/vi/PoYqY8H-Y8s/hqdefault.jpg,"영악한 너굴이 자식

#아오니 #동물의숲 #모동숲 

🏝섬 이름 : 아보카도🥑 / 마라도
👩주민대표 : 아오니
🌙꿈번지 : DA-2528-5743-8067 / DA-6351-3927-7264
🌙해피홈 : RA-1157-2190-7226
🌟‍인스타그램 : aonioni_
🌟‍팬카페 : https://cafe.naver.com/aonioni

[BGM 출처]
🎵Music provided by 브금대통령
🎵Track : 귀여운 BGM 모음 2 - https://youtu.be/Gkh-wz-cHyg
🎵Track : 웃기고있네 - https://youtu.be/aY7VLF71pNM
🎵Track : 도둑의 계획 - https://youtu.be/CKuI-6-Izhc
🎵Track : 와 이거 뭔데 - https://youtu.be/7zswBFefpLU
🎵Track : 이게 머선129 - https://youtu.be/gOtwGaQUbzM
🎵Track : Monkey's Meal - https://youtu.be/UnKP6YcVFsQ
🎵Track : 안졸리나 졸리다 - https://youtu.be/NNKNQMeWhm4
🎵Track : 사랑의 연 - https://youtu.be/v1eemRhj7ww
🎵Track : 오리가족의 외출 - https://youtu.be/g84nkO4afvM
🎵Track : 음악시간 - https://youtu.be/gJk4hr3r26E
🎵Track : 펭귄의 비행 - https://youtu.be/ZW_msPN4GJw
🎵Track : 집순이 - https://youtu.be/uiTv6WCOrAU",356154131060286
qN36h72t-7Y,뽑기운 실화냐? [🌴#모동숲 2일째],631817,225,7588,2021-06-12T11:00:44Z,https://i.ytimg.com/vi/qN36h72t-7Y/hqdefault.jpg,"#모여봐요동물의숲 #모동숲 #동물의숲
해당 생방송 스트리밍 날짜 - 210515
지컨 유튜브 생방송 - https://bit.ly/2kyCIWu
지컨 팬 카페로 놀러 오세요! - http://cafe.daum.net/zkern
멤버십 구독해주세요 - 
https://www.youtube.com/channel/UC0z8bddfRBRBmEC-AjI6UXw/join
지컨 인스타그램 https://www.instagram.com/zkern_official/

편집: 찐빵찰스",2257588631817
HWAYSRNlifo,너굴 마일리지 얻는법 6가지 간단소개 -모동린이를 위한 공략,542751,211,4536,2020-05-12T01:43:59Z,https://i.ytimg.com/vi/HWAYSRNlifo/hqdefault.jpg,"너굴 마일리지 얻는 법에 대한 소소한 방법 6가지를 다뤄보았습니다.

너무 소소해서 특별한건 없지만, 잊지말고 수령하자는 의미의 영상이니 
도움이 되셨으면 좋겠습니다!.",2114536542751
ofOQQXqINU0,"모동숲 최고 인기주민 마일섬에서 데려오기!! [잭슨, 미애]",534670,1935,12459,2020-04-22T10:00:46Z,https://i.ytimg.com/vi/ofOQQXqINU0/hqdefault.jpg,"모여봐요 동물의 숲 제가 제일 사랑하는 잭슨과 또니가 제일 사랑하는 미애를 둘 다 마일섬에서 데려오는 행운아 그건 바로 나
----------------------------------------­----------
▷잠뜰 TV 구독하기 ! : http://goo.gl/FnZZQO
▷잠뜰TV 커뮤니티 바로가기 !! : https://goo.gl/72qMP4
▷잠뜰 인스타그램 소식보기 !! : https://goo.gl/cMDSJ7
----------------------------------------­----------

▶구독하기❤& 좋아요👍버튼은 잠뜰이에게 큰 힘이 됩니다 :D",193512459534670
Z06h_VqJotM,[모동숲] 마일섬 공감 100% #Shorts,453083,213,10596,2022-03-29T14:26:25Z,https://i.ytimg.com/vi/Z06h_VqJotM/hqdefault.jpg,,21310596453083
jiKoY6oVbUU,【모동숲 | 일상】 마일리지 티켓(이용권) 700장으로 주민뽑기! 올리비아를 데려와보자! (Animal Crossing: New Horizons),444512,1582,3752,2020-05-03T00:45:55Z,https://i.ytimg.com/vi/jiKoY6oVbUU/hqdefault.jpg,"안녕하세요 여러분 사니입니다.
오늘 영상은 그동안 쌓아뒀던 마일리지 티켓으로 
마일섬에서 새로운 주민, 올리비아를 데려오는 영상입니다.
응원해주시는 댓글들은 정말 큰 힘이 되고있습니다.
감사합니다.


* 수정사항이 생겨 영상을 재업로드 하게되었습니다.



▬▬▬▬▬▬▬▬▬음악▬▬▬▬▬▬▬▬▬
------------------------------------------------------------------
Music by RiRie's Symphony
Music provided by RiRie's Symphony

Track : 귀여운 음악 bgm 作業用 [RiRie's Symphony Good Morning!]
Watch : https://www.youtube.com/watch?v=9HTqlYWNjoQ

Track : 유튜버 무료 브금 - 일상 bgm - 귀여운 음악 [RiRie's Symphony 호기심쟁이]
Watch : https://www.youtube.com/watch?v=wSiIKTmI4OQ
-----------------------------------------------------------------


-----------------------------------------------------------------
Music by 브금대통령
Music provided by 브금대통령

Track : Paesaggio Italiano
Watch : https://youtu.be/9PRnPdgNhMI

Track : Travel
Watch : https://youtu.be/TlbmzMYDJJ8

Track : Everyday Picnic
Watch : https://youtu.be/h0HtDfVzIys

Track : Piece Of Cake
Watch : https://youtu.be/P0SfHRQY1A4
----------------------------------------------------------------
▬▬▬▬▬▬▬▬▬▬▬▬▬▬▬▬▬▬▬▬▬



#모동숲 #동물의숲 #ACNH #あつ森",15823752444512
xFNbzDyZCKo,섬에서 주민을 삭제하고 나면 어떤 일이 생길까? 😱 모동숲 실험,416678,87,3005,2022-10-02T01:53:24Z,https://i.ytimg.com/vi/xFNbzDyZCKo/hqdefault.jpg,"안녕하세요 모양몬 입니다~!
오늘은 지난번에 이어서 동물의숲에서 미스테리한 
시청자분의 제보를 받고 한 번 확인을 해보려고 합니다🤗
닌텐도 본체에 있는 유저를 모두 삭제해버리면
동숲에서 어떤 일이 일어날까? 라는 실험을 준비했습니다!
모동숲에 어떤 미스테리한 현상이 숨겨져 있을 지는 
영상에서 확인해주세요 😨😱 


💎 Twitch게임방송도 하고있답니다 
""모양몬""검색하고 보러와주세요 ♡
https://www.twitch.tv/moyangmon

💎 모양몬 구독하기 :) ♥
https://www.youtube.com/c/모양몬Moyangmon

💎모양몬과 소통하기 트게더  :)
https://tgd.kr/moyangmon






#동물의숲
#모동숲
#모여봐요동물의숲",873005416678
wd5Pt5zonIU,1티어 주민 데려오기 쉽던데요? [자빱TV / 모동숲],310333,470,4998,2020-08-17T10:02:08Z,https://i.ytimg.com/vi/wd5Pt5zonIU/hqdefault.jpg,"📺 실시간 생방송 : 유튜브 저녁 7:30 ~ 새벽 1:00
📺 휴방 : 월, 목요일 (추가 휴방시 유튜브 커뮤니티 & 팬카페에 공지)

💎 후원 : 투네이션 https://toon.at/donate/jappaptv
💎 VIP 멤버십 가입 : https://www.youtube.com/channel/UCwT_iMjmRsnAitwgpaR1Tqw/join
💎 비즈니스 컨택 : support@jappaptv.com
(방송 피드백, 건의 등은 읽지 않고 스팸처리합니다)
💎 팬카페 : http://cafe.daum.net/jappapcinema

🔔 팬카페에서 가장 빠르게 다시보기를 보실 수 있습니다
🔔 구독 후 알람 버튼을 눌러주시면 영상을 바로 받아보실 수 있습니다

🎬 편집: 무브

#모동숲 #비앙카 #1티어


:musical_note:Music provided by 브금대통령
:musical_note:Track : Confusing Road - https://youtu.be/ydPppyQQdPc",4704998310333
xP1JSv3Abvo,위시 주민 데려오기가 이렇게 힘든 거였나요?,310639,221,4802,2023-10-24T08:51:03Z,https://i.ytimg.com/vi/xP1JSv3Abvo/hqdefault.jpg,"이 날 데려온 친구들은 모두 '뭐 요정도'에서 가인이와 함께 행복한(?) 섬 생활을 즐기고 있답니다~^^
.
.
.
.
.
.
provided by 브금대통령
🎵Track : 조별과제 - https://youtu.be/wLuWmPrJkSk
🎵Track : 댕청댕청 - https://youtu.be/5qEI_xTPa-Q 
🎵Track : Confusing Road - https://youtu.be/ydPppyQQdPc
🎵Track : 안졸리나 졸리다 - https://youtu.be/NNKNQMeWhm4

공식블로그 https://blog.naver.com/yerang_garang
개인메일 yeneex2@naver.com
광고문의 gainyerin@sandboxnetwork.net
인스타 예랑가랑-gainyerin
인스타 가인학생-gainjersoze
인스타 예린학생-yeneex2

#가인학생 #방예린학생 #예랑가랑",2214802310639
Ai0rFKH8YAs,[모동숲확률]고인물만 아는 10가지 확률정보,301439,483,3355,2020-08-18T01:30:00Z,https://i.ytimg.com/vi/Ai0rFKH8YAs/hqdefault.jpg,"모동숲에 숨겨진 확률 정보입니다.
흥미 위주로 봐주시면 감사하겠습니다.

본 영상은 주로 해외 공략 정보를 기반으로 작성되었습니다.
해외 웹, 쓰레드 특성상 출처와 작성시기를 알수 없는 경우가 많아
현재 버젼(1.41)데이터와 일치하는지 검증이 힘들었습니다.
데이터 마이닝으로 채굴된 정보라 해도 
버그로 인해 확률의 차이는 보일 수 있습니다.
흥미 위주로 봐주시면 감사하겠습니다.",4833355301439
8VVJRX-qAjc,1티어 주민들과 있을 거 다 있는 만수르 섬! 근데 엄청난 반전이..?! [자빱TV / 모동숲],295580,321,4418,2020-09-07T06:31:50Z,https://i.ytimg.com/vi/8VVJRX-qAjc/hqdefault.jpg,"#모동숲 #1티어주민 #미애내꺼
8월 2일 (일) 방송입니다!
📺 풀버전 링크: https://youtu.be/w-S3XLnu934

📺 실시간 생방송 : 유튜브 저녁 7:30 ~ 새벽 1:00
📺 휴방 : 월, 목요일 (추가 휴방시 유튜브 커뮤니티 & 팬카페에 공지)

💎 후원 : 투네이션 https://toon.at/donate/jappaptv
💎 VIP 멤버십 가입 : https://www.youtube.com/channel/UCwT_iMjmRsnAitwgpaR1Tqw/join
💎 비즈니스 컨택 : support@jappaptv.com
(방송 피드백, 건의 등은 읽지 않고 스팸처리합니다)
💎 팬카페 : http://cafe.daum.net/jappapcinema

🔔 팬카페에서 가장 빠르게 다시보기를 보실 수 있습니다
🔔 구독 후 알람 버튼을 눌러주시면 영상을 바로 받아보실 수 있습니다

🎬 편집: 무브





:musical_note:Music provided by 브금대통령
:musical_note:Track : Right Behind You - https://youtu.be/aNula35oPLk",3214418295580
IR3QmpmU6PI,하루만에 인기주민 섬 만들기 [모동숲 댓글 플레이],288010,571,2649,2022-01-10T09:00:06Z,https://i.ytimg.com/vi/IR3QmpmU6PI/hqdefault.jpg,"#모동숲 #인기주민 #이런거이제그만해


🔴 견뭉 캐릭터가 그려진 그립톡과 마우스패드 판매 중! 🔴
사러가기 http://www.lolqstore.com


◆ 트위치 생방송 : https://www.twitch.tv/kimbangduck
◆ 문의 혹은 하고 싶은 말 : kbd2018@naver.com
◆ 팬카페 : https://cafe.naver.com/gyeonnim
◆ 인스타 : gyeonmoung",5712649288010
dtP7RDBd618,싫어하는 주민보내고 피터 쭈니 잭슨 몇트에 나올까?]마일섬 주민노가다 모여봐요 동물의숲  Animal Crossing : New horizon,254729,546,1770,2020-04-10T08:00:21Z,https://i.ytimg.com/vi/dtP7RDBd618/hqdefault.jpg,"#마일섬노가다 #동물의숲 #모동숲

휴..어제 진짜 집나간 쭈니때문에 너무 우울했다. 

- L I V E -  
생방송은 매주 화목 밤 9시 트위치/유튜브에서!
https://www.twitch.tv/asabopp_

📽 edited by. Asa 에이사
이 영상의 저작권은 Asa 에이사 에게 있습니다.
Copyrightⓒ2020 Asa All rights reserved.",5461770254729
3gziRPHV-vs,[모동숲] 초기 3주민을 위시로 데려오는 2가지 방법!,249476,388,2829,2020-04-16T06:22:31Z,https://i.ytimg.com/vi/3gziRPHV-vs/hqdefault.jpg,"꽃무리섬에 새로운 3주민이 올 예정이에요! 
오늘은 초기 3주민을 위시로 데려올 수 있는 두 가지 방법에 대해 알려드립니다. 
----------------------------------------------------------------------------------
ฅ( ̳͒•ಲ• ̳͒)♪ 안녕하세요! 새벽빛(=새빗)입니다.
이 채널은 주로 동물의 숲 영상을 올리고 있습니다.
모여봐요 동물의 숲(모동숲), 튀어나와요 동물의 숲(튀동숲)에서의 
아기자기한 일상이 궁금하시다면 채널 구독과 알림 설정 꾹! 부탁드려요.
----------------------------------------------------------------------------------
ฅ( ̳͒•ಲ• ̳͒)♪ 일러스트 작가님
🎀 아이모루
🎀 아기쥐작업소 
----------------------------------------------------------------------------------
COPYRIGHT ⓒ 2018 새벽빛 ALL RIGHTS RESERVED.
ଘ(੭*ˊᵕˋ)੭* 제 영상을 무단으로 사용하지 말아주세요.",3882829249476
mM17Q0Rn4Eg,[모동숲] 마일티켓 100장으로 9~10번째 주민을 데려왔어요!,242003,325,2053,2020-05-07T15:21:36Z,https://i.ytimg.com/vi/mM17Q0Rn4Eg/hqdefault.jpg,"----------------------------------------------------------------------------------
ฅ( ̳͒•ಲ• ̳͒)♪ 안녕하세요! 새벽빛(=새빗)입니다.
이 채널은 주로 동물의 숲 영상을 올리고 있습니다.
모여봐요 동물의 숲(모동숲), 튀어나와요 동물의 숲(튀동숲)에서의 
아기자기한 일상이 궁금하시다면 채널 구독과 알림 설정 꾹! 부탁드려요.
----------------------------------------------------------------------------------
ฅ( ̳͒•ಲ• ̳͒)♪ 일러스트 작가님
🎀 아이모루
🎀 Setmen님
ฅ( ̳͒•ಲ• ̳͒)♪ Song 
🎀 샛별 - 어느 한 여름 날의 귤 밭 / https://youtu.be/C01cs6SAQMA
----------------------------------------------------------------------------------
COPYRIGHT ⓒ 2018 새벽빛 ALL RIGHTS RESERVED.
ଘ(੭*ˊᵕˋ)੭* 제 영상을 무단으로 사용하지 말아주세요.",3252053242003
8B_pQKEUdMM,※레전드※ 마일섬에서 만난 주민의 정체 [모동숲 시즌2],234649,265,2454,2021-09-04T09:00:06Z,https://i.ytimg.com/vi/8B_pQKEUdMM/hqdefault.jpg,"#모동숲 #주민작 #마일섬


🔴견뭉 캐릭터가 그려진 ""그립톡과 마우스 패드"" 판매 중!🔴
사러가기👉http://www.lolqstore.com/


◆ 트위치 생방송 : https://www.twitch.tv/kimbangduck
◆ 문의 혹은 하고 싶은 말 : kbd2018@naver.com
◆ 팬카페 : https://cafe.naver.com/gyeonnim
◆ 인스타 : gyeonmoung",2652454234649
d2CMuFbAznA,모동숲 대장 분양보내고 마일섬 노가다로 신규주민 영입하기!,208523,444,0,2020-04-29T02:45:00Z,https://i.ytimg.com/vi/d2CMuFbAznA/hqdefault.jpg,"동물의숲 주민들을 입양/분양하는 방법이 궁금하셨나요?
대장이 갑자기 이사통보를 하길래 쿨하게 보내면서 마일섬 노가다로 신규주민 영입까지 하는 영상! 함께봐주세요~

무상or일정금액을 받고 주민을 다른섬으로 보내는 것(분양) 데려오는것(입양)
1. 섬안의 A주민이 이사가고싶다고 말한다.
2. OK 잘가 해준다.
3. 다음날 그 주민이 짐을 싼 상태에서
4. A주민 입양을 원하는 사람을 찾는다.
5. 내 섬의 문을 연다.
6. 입양받기로한 사람이 A주민에게 가서 말을걸고 우리섬에서 살자고한다.
7. 또 다음날이 되면 A주민은 이사가고 빈집터만 남는다.",4440208523
LgCo4FdNFmE,[모동숲] 마일노가다! 티켓 270장으로 출발해서 만난 새로운 주민은? ㅣ ACNH Miles Tickets,157353,397,1283,2020-07-02T09:15:01Z,https://i.ytimg.com/vi/LgCo4FdNFmE/hqdefault.jpg,"바닐라가 우리 섬을 떠났어요 😢
아쉬운 마음을 달래며, 새로운 친절 주민을 데려오기 위한 마일섬 노가다 시작!",3971283157353
IzmBQbxh0mI,동물의 숲 마일여행권 없이 원하는 주민 구하는 꿀팁 알려드립니다,149952,372,1580,2020-04-30T04:00:04Z,https://i.ytimg.com/vi/IzmBQbxh0mI/hqdefault.jpg,"디스코드 : https://discord.gg/kR9YUR8
위들이 트위치: https://www.twitch.tv/weedlion026
-----------------------------------------------------------------
영상편집 : 위들이
썸네일 : 위들이
-----------------------------------------------------------------
각종 문의 및 건의 사항 : weedlion026@naver.com",3721580149952
Bx-XBmBQ7_o,동물의 숲 마일섬 투어!🌱 100장 들고 다녀왔어요 ｜ 닌텐도 스위치 게임,131010,99,930,2021-03-29T16:01:38Z,https://i.ytimg.com/vi/Bx-XBmBQ7_o/hqdefault.jpg,"안녕하세요. 해와랑입니다 😊

동숲 리얼타임 유저라 주민들 이사보낼 타이밍을 잘 얻지 못하는데, 이번에 오랜만에 접속해보니 초기 주민 중 한명인 '바바라'가 이사를 간다고 하더라고요. 

냉큼 이사 보내고, 그동안 쌓아놨던 마일 티켓을 모아모아서 마일섬 투어를 다녀왔어요. 오랜만에 마일섬을 돌아봤는데, 처음부터 나탈리, 오로라가 나오길래 이번 투어 성공적일 것 같아 영상으로 담아봤어요.

#닌텐도스위치​​​ #동물의숲​​​ #모동숲​​​ 

✔ 폰트
Gmarket Sans
UhBee mysen
리디바탕

✔ 음악
A Night Alone - TrackTribe",99930131010
IGsD4tyQwmc,[모동숲] 마일섬 두 번 만에 쭈니가🐰❤!!!!! 9번째 주민 데려오기 대작전! ACNH Marshal,129850,429,1680,2020-04-03T19:07:17Z,https://i.ytimg.com/vi/IGsD4tyQwmc/hqdefault.jpg,"안녕하세요 매동이입니다 :)

별 생각없이 오늘은 9번째 주민이나 데려와야겠다! 라고 다짐하구 마일리지를  긁어모아 마일섬에 갔는데 글쎄 두 번 만에 쭈니가 나왔어요..!! 꺄아아아 

집터 관련 부족한 지식으로 스톡을 두 마리나 받게 돼서..ㅠㅠ 벌써 10마리가 꽉 차버렸어요. 마일섬에서 랜덤하게 아이들을 만나는 그 두근두근 설레는 재미를 주민들이 이사 갈 때까지 앞으로 못 느낀다니.. 몹시 속상하기도 하지만 또 이런 좋은 일도 생기네요 !!ㅎㅎ 지인분의 마을에서 스톡으로 들어온 10번째 친구인 티미와도 잘 지내보겠습니다!! 친절한 주민이 과하게 많긴한데... 그래두 귀엽더라구요ㅎㅎ  

여러분들은 토지 판매에 대해 잘 알아보고 집터 정하세요ㅠㅠ 스톡와요ㅠㅠ 확률이 튀동숲때에 비해 몹시 높아진것 같아요..!


💜구독 / 좋아요 / 알림 설정을 해주시면 큰 힘이 됩니다💜
━━━━━━━━━━━━━━
📺매동이 생방송 보러가기- https://www.youtube.com/c/maedonggame
📍Email- maedonghouse@gmail.com
📍Instagram- @maedongee
━━━━━━━━━━━━━━
#쭈니 #모여봐요동물의숲 #마일섬

This video is posted with permission to use Nintendo’s copyrighted material",4291680129850
dtyj5_vZ6SM,동물의숲 마일여행을 하는데 주민이 안나와요? 이걸 확인해보세요. // 동린이 들을 위한 꿀팁 가이드,117972,278,1032,2020-05-15T07:57:14Z,https://i.ytimg.com/vi/dtyj5_vZ6SM/hqdefault.jpg,"디스코드 : https://discord.gg/kR9YUR8
위들이 트위치: https://www.twitch.tv/weedlion026
-----------------------------------------------------------------
영상편집 : 위들이
썸네일 : 위들이 (도움 꾸맹)
-----------------------------------------------------------------
각종 문의 및 건의 사항 : weedlion026@naver.com",2781032117972
IwJUsSBo-oU,애플이를 찾아 떠나는 모동숲 마일섬 노가다 [모여봐요 동물의 숲],110631,317,752,2020-09-01T07:37:43Z,https://i.ytimg.com/vi/IwJUsSBo-oU/hqdefault.jpg,"안녕하세요 모여봐요 동물의 숲 아보카도 주민 대표 가람입니다 :)
애플이를 만나기 위해 마일티켓 약 100장으로 마일섬 노가다를 했답니다
과연 마일섬에서 애플이를 만났을까요?! 영상에서 확인해주세요!

영상 재밌게 시청하셨다면 구독과 좋아요 부탁드려요~!",317752110631
IaucenqN2DA,동물의 숲] 마일섬 티켓 1000장째... 동물의 숲 패턴의 비밀 드디어 알아내다!,106912,104,1670,2021-12-15T09:00:17Z,https://i.ytimg.com/vi/IaucenqN2DA/hqdefault.jpg,"동물의숲 패턴론 풀버전 보러가기 :: https://youtu.be/Hj4j3_QpjkM
재밌었다면 좋아요, 구독, 알람설정!!!! 요욧!!

* 광고 문의 : jw.jun@cj.net

대도서관 / 대도서관 게임 / 동물의 숲 / 패턴론 / 미첼

#대도서관 #모동숲 #패턴 #패턴론 #닌텐도 #미첼 #마일섬 #동물의숲",1041670106912
4VRBLBVx5Yk,[모동숲] 7-2-2 캠핑장 노가다로 주민 데려오기⛺ (마일티켓 ❌),104607,110,1229,2023-02-18T00:00:02Z,https://i.ytimg.com/vi/4VRBLBVx5Yk/hqdefault.jpg,"마일티켓 없어서 절~대 캠노 영상 찍은 거 아님. 아무튼 아님.

❥타임라인
[00:00] 오프닝
[00:36] 캠핑장 노가다란?
[00:44] ① 원하는 주민과 성격
[01:30] ② 7-2-2 캠노 설명
[03:07] ③ 캠노 빠르게 하는 팁
[03:59] ④ 캠핑장 주민 초대
[05:25] 큐앤에이
[07:40] 마무리

❥주민 리스트  : https://animalcrossing.soopoolleaf.com/ko/acna/

❥곰비 팬카페  : https://cafe.naver.com/gombeejelly
❥곰비 트위치  : https://www.twitch.tv/gombee0313
❥곰비 멤버십  : https://www.youtube.com/channel/UCGWiUqRs7ScLbFQJW_PwdYg/join
❥곰비 후원      : https://twip.kr/gombee0313
❥곰비 이메일  : gombee.szsz@gmail.com

❥브금: Music provided by 브금대통령
Track : 꼬물꼬물 - https://youtu.be/oXc3PhIeeoE

#모동숲 #ACNH #あつ森",1101229104607
cCqjCyukCos,동물의 숲] 3일간의 마일섬 대장정 중 꿀잼 파트로만 꽉꽉 채웠습니다! 그리고 마침내 그분을 만났습니다!,103535,95,1811,2021-11-23T11:30:13Z,https://i.ytimg.com/vi/cCqjCyukCos/hqdefault.jpg,"동물의 숲 스피카님 오신날! 풀버전 보러가기 :: https://youtu.be/ttJCeojtUJY
재밌었다면 좋아요, 구독, 알람설정!!!! 요욧!!

* 광고 문의 : jw.jun@cj.net

대도서관 / 대도서관 게임 / 동물의 숲 / 스피카

#대도서관 #동물의숲 #스피카 #닌텐도 #모동숲 #마일섬",951811103535
RCo7xWqc8IU,"[모동숲] 마일노가다의 시작, 밀크가 쏘아올린 작은 공! ㅣ ACNH Miles Tickets",102926,358,878,2020-05-11T15:42:31Z,https://i.ytimg.com/vi/RCo7xWqc8IU/hqdefault.jpg,"밀크를 보내고 새로운 주민을 맞이했어요. 누가 왔을까요?
마일섬 노가다 함께 해봐요!
1:18 성숙 주민이 아니라 친절 주민입니다 (오타발견 감사합니다!)",358878102926
jeuc90xNexU,동물의 숲] 신규 주민 스피카가 마을에 왔어요!!!,101750,75,1757,2021-11-24T09:00:17Z,https://i.ytimg.com/vi/jeuc90xNexU/hqdefault.jpg,"신규 주민 스피카가 마을에 왔어요! 풀버전 보러가기 :: https://youtu.be/GpT5rMWccME
재밌었다면 좋아요, 구독, 알람설정!!!! 요욧!!

* 광고 문의 : jw.jun@cj.net

대도서관 / 대도서관 게임 / 동물의 숲 / 스피카 / 주민영입

#대도서관 #동물의숲 #스피카 #닌텐도 #모동숲 #마일섬 #스피카 #주민영입",751757101750
rXmGhJKaMgc,내가 마일티켓 부자가 된 방법 ㅣ모동숲 꿀팁 ㅣACNH,88942,128,1191,2023-07-01T10:37:44Z,https://i.ytimg.com/vi/rXmGhJKaMgc/hqdefault.jpg,"🌴섬 이름: 크레센도
👑주민대표: 혜광
🍄팬카페: https://cafe.naver.com/hyegang2

안녕하세요 여러분 혜광입니다!
오늘은 마일티켓 버는 방법을 가지고 왔는데요?
재밌게 봐주시고 좋아요와 구독! 한번씩 부탁드립니다!
.
[BGM]
🎵Music provided by 브금대통령
🎵Track : 아쭈꾸임 - https://youtu.be/RONJ2CQJNro
🎵Track : 브금의숲 - https://youtu.be/bVMW54kAO94
🎵Track : A Little Viking -  https://www.youtube.com/watch?v=rwRx-3yKZIY
🎵Track : Merry Go Round - https://youtu.be/GWZE4jqIZ10

#동숲 #동물의숲 #모동숲 #모여봐요동물의숲   #힐링   #마일티켓   #마일버는방법  #마일티켓노가다 #동숲노가다 #동숲꿀팁 #마일티켓버는방법 #혜광2",128119188942
ZVWhnbAI9CQ,"마일섬,캠노,이노 그냥 다 했습니다..ㅣ모동숲 주민",88319,147,696,2023-10-22T10:34:03Z,https://i.ytimg.com/vi/ZVWhnbAI9CQ/hqdefault.jpg,"🌴섬 이름: 크레센도
👑주민대표: 혜광
🍄팬카페: https://cafe.naver.com/hyegang2
.
안녕하세요 여러분 혜광입니다!
오.늘.은! 오랜만에 시청자들과 주민 노가다를 해봤는데요?
이사노가다,캠핑장노가다,마일섬 투어까지.
다 했습니다 ㅠㅠㅠㅠㅠ 
오늘 영상도 재밌게 보셨다면 좋아요와 구독 꾹꾹! 눌러주세요!
영상 시청해주셔서 감사합니다!
.
🎵Music provided by 브금대통령
🎵Track : 이게 머선129 - https://youtu.be/gOtwGaQUbzM​
🎵Track : 에어컨 아래에서 - https://www.youtube.com/watch?v=f8nd8Fq90lU
🎵Track : 뉘예뉘예 - https://youtu.be/r0zC62qBm_w
🎵Track : 어린이날 일기 - https://youtu.be/MDNal-LrTEU​
🎵Track : https://youtu.be/zq8p0Rk6lRM
🎵Track : 너무 귀여운 노래 - https://youtu.be/Wz63udVDoH0
.
#혜광 #동숲 #동물의숲 #모동숲 #모여봐요동물의숲 #동숲주민 #캠핑장노가다 #이사노가다#주민노가다 #동숲노가다 #동숲일기 #캠노 #이노 #마일섬 #마일섬투어 #주민이사고민",14769688319
Ce1uY1ycdSU,스피카 뽑으려다 자연이사로 인기주민?!... [모동숲 마일섬 뽑기],85953,87,531,2022-01-16T09:56:05Z,https://i.ytimg.com/vi/Ce1uY1ycdSU/hqdefault.jpg,#동물의숲 #모동숲 #마일섬 #신규주민 #인기주민 #스피카 #마일 노가다,8753185953
adQO43G16vQ,동물의 숲] 인기주민 미첼 멸망전! 마일섬 노가다 시작! | 닌텐도 스위치 모여봐요 동물의 숲 하이라이트,84349,80,1426,2021-11-16T10:00:01Z,https://i.ytimg.com/vi/adQO43G16vQ/hqdefault.jpg,"동물의 숲 5일차! 풀버전 보러가기 :: https://youtu.be/kbe5knOJnvw
재밌었다면 좋아요, 구독, 알람설정!!!! 요욧!!

* 광고 문의 : jw.jun@cj.net

대도서관 / 대도서관 게임 / 동물의숲 / 닌텐도 스위치 / 업데이트

#대도서관 # 동물의숲 # 동숲 #모동숲 #미첼 #신규주민 #로드리 #기가",80142684349
QOKkoATg5OU,마일섬에서 애플이 찾기 [모동숲],83869,77,756,2022-10-28T09:00:15Z,https://i.ytimg.com/vi/QOKkoATg5OU/hqdefault.jpg,"#동물의숲 #모여봐요동물의숲 #애플이


◆ 비즈니스 문의 : ad@lolq.co.kr
◆ 개인 문의 : kbd2018@naver.com
◆ 트위치 생방송 : https://www.twitch.tv/kimbangduck
◆ 인스타 : gyeonmoung
◆ 팬카페 : https://cafe.naver.com/gyeonnim",7775683869
IZgOGO7gcYI,모여봐요 동물의숲 마일리지섬 종류와 특징 등장확률,640416,992,5714,2020-04-23T09:35:22Z,https://i.ytimg.com/vi/IZgOGO7gcYI/hqdefault.jpg,"모여봐요 동물의숲 마일리지섬 종류와 특징 등장확률
타란툴라섬 거대물고기섬 금광석섬 교배꽃섬 지느러미섬 돈바위섬

마일리지섬 데이터마이닝 원문
https://wuffs.org/acnh/mysterytour.html

마일리지섬 세부정보 한글버전
https://bbs.ruliweb.com/family/503/board/185109/read/6807

보닌 동물의 숲 커뮤니티 카페 
https://cafe.naver.com/bluegraysgdkb

24시간 무+아이템 거래 채팅방
https://www.youtube.com/watch?v=I-uZkxwGOXI

보닌 문의
allgook@gmail.com",9925714640416
RUitdj0ZpY8,"타란튤라섬 안나오면 만드세요!]거미섬,전갈섬 만들기 모여봐요 동물의숲  Animal Crossing : New horizon",443145,422,4182,2020-03-31T08:00:07Z,https://i.ytimg.com/vi/RUitdj0ZpY8/hqdefault.jpg,"#모동숲 #동물의숲 #타란튤라섬
타란튤라섬, 전갈섬은 각 확률 2%이며
대나무섬은 10%로, 모든 마일섬중 확률이 가장 높습니다.
모든 마일리지섬 확률과 레이아웃, 등장생물등 총정리를 보고싶으시면 여기로!
https://youtu.be/kG5aAhj6c8Y 
- L I V E -  
생방송은 매주 화목 밤 9시 트위치/유튜브에서!
https://www.twitch.tv/asabopp_

📽 edited by. Asa 에이사
이 영상의 저작권은 Asa 에이사 에게 있습니다.
Copyrightⓒ2020 Asa All rights reserved.",4224182443145
kG5aAhj6c8Y,20가지 마일섬 확률+스폰생물 총정리!]필수시청 영상 마일섬공략 모여봐요 동물의숲 Animal Crossing : New horizon,259448,327,3128,2020-04-20T08:00:11Z,https://i.ytimg.com/vi/kG5aAhj6c8Y/hqdefault.jpg,"#ACNH #동물의숲 #모동숲
출처 Credit @_Ninji Twitter
https://wuffs.org/acnh/mysterytour.html

00:44 0번섬 확률9%
01:24 1번섬 확률9%
01:40 2번섬 확률9%
01:51 4번섬 확률9%
02:01 절벽섬 확률9%
02:38 돈섬 확률5%
03:16 대나무섬 10% 
03:44 10번 과일섬 확률9%
04:11 11번 꽃섬 확률2%  하루한번 **
05:02 12번전갈섬 확률 2% 하루한번 **
05:40 13번 타란튤라섬 확률2% 하루한번**
06:33 14번 나무섬1 확률2%  하루한번 **
06:52 16번 큰물고기섬 확률3% 하루한번
07:35 17번 나무섬2 확률1% 하루한번***
07:55 18번 굽이친강섬 확률5%
08:13 19번 큰물고기섬2 확률2% 하루한번**
08:30 20번 쓰레기섬 확률 5%
08:45 21번 지느러미섬(상어섬) 확률1% 하루한번***
09:53 23번 폭포섬 확률5%
10:02 24번 금광석섬 확률1% 하루한번 ***

-타란튤라섬 강제로만들기- 
http://www.youtube.com/watch?v=RUitdj0ZpY8
-전갈섬, 전갈잡는법-
http://www.youtube.com/watch?v=Ilt784u-ZmE
-타란튤라섬- 
http://www.youtube.com/watch?v=tWuBiDS_pKs

-background music-
k.k.동물의마을  from ACNH
city day from Animal crossing : city folk 
- L I V E -  
생방송은 매주 화목 밤 9시 트위치/유튜브에서!
https://www.twitch.tv/asabopp_

📽 edited by. Asa 에이사
이 영상의 저작권은 Asa 에이사 에게 있습니다.
Copyrightⓒ2020 Asa All rights reserved.",3273128259448
9-LjWNHKh04,동물의숲 마일티켓 부자되기 2시간 동안150장 모으기,180135,168,1999,2020-07-17T07:33:04Z,https://i.ytimg.com/vi/9-LjWNHKh04/hqdefault.jpg,"자신의 섬 고유 패턴 알아보기 
https://www.youtube.com/watch?v=ecWUgzE28kg

보닌 동물의 숲 커뮤니티 카페 
https://cafe.naver.com/bluegraysgdkb

24시간 무+아이템 거래 채팅방
https://www.youtube.com/watch?v=I-uZk...

보닌 문의
allgook@gmail.com",1681999180135
ZOSudazGfOs,윰댕 생방송] 동물의숲 -  별똥별은 다 내꺼  / 마일섬 멸망전2! (7일차),113096,58,1846,2020-05-20T21:03:23Z,https://i.ytimg.com/vi/ZOSudazGfOs/hqdefault.jpg,"INSTAGRAM 🐰 @yumcast11
 광 고 문 의   🐰   jw.jun@cj.net",581846113096
qP9ft6tMsBM,"동숲 유저라면 이 영상 꼭! 보셔야합니다!!ㅣ동린팁,섬꾸팁,노가다팁 ㅣ모동숲 꿀팁 모음집 ㅣACNH",104108,176,2819,2024-01-20T10:11:23Z,https://i.ytimg.com/vi/qP9ft6tMsBM/hqdefault.jpg,"안녕하세요 여러분 혜광입니다!
오.늘.은 ! 모동숲 꿀팁 '동숲 알쓸신잡' 을 가져왔는데요?
동린이들이 보면 좋은 꿀팁, 절벽에 나무 심는 법, 노가다 팁까지
정말 와구와구 가득 담았으니 오늘 영상 꼭! 시청해주세요!!ㅎ
.
 [ BGM ]
🎵Music provided by Oneul
🎵Track : • 공부할 때 듣기 좋은 동글동글 귀여운 음악 모음집 (2시간, 중간광고x)  
🎵Music provided by 샛별
🎵Track : • 모여주라..동물의 숲 (Royalty Free Music) | 모동...  
🎵Track :• ✨샛별 - 솜사탕 여행✨(Royalty Free Music)   
🎵Track :• ✨샛별 - Sugar cookie🍪✨(Royalty Free Music)  
🎵Track : • ✨샛별 - Skip a beat✨(Royalty Free Music)  
🎵Track :• ✨샛별 - A Trip to the sky✨(Royalty Free...  
.
#혜광 #동물의숲 #모동숲 #모여봐요동물의숲 #동숲꿀팁 #알쓸신잡 #동린이꿀팁 #섬꾸꿀팁 #모동숲나무 #동숲섬꾸 #노가다꿀팁 #동숲노가다  #모동숲주민 #주민꿀팁 #마일섬꿀팁 #동숲 #동숲일상 #동숲리셋 #동숲꿀팁모음집   #동숲일기 #모동숲꿀팁 #동숲액자노가다 #이사노가다 #캠핑장노가다",1762819104108
YAP6hc-Q_Dg,마일섬에서 전남친 만나버림..,86508,18,1470,2023-08-15T11:42:04Z,https://i.ytimg.com/vi/YAP6hc-Q_Dg/hqdefault.jpg,#모동숲 #동물의숲,18147086508
W6EINxk66M4,[모동숲] 위시주민 입양 필수 코스! 🏝️마일섬 노가다,79695,333,736,2020-05-05T05:08:36Z,https://i.ytimg.com/vi/W6EINxk66M4/hqdefault.jpg,"마일섬에서 원하는 주민을 입양해보려고 여러 차례 시도했어요.
그 때마다, 다른 귀여운 주민에 빠져
본래 영입하려고 했던 주민을 계속 못 만났는데, 드디어 만났습니다!",33373679695
RXaZns7iHzI,[모동숲] 마일노가다! 230장의 티켓 중 10장만 사용해서 만난 인기 주민은? 잭슨 선생님...? (feat.도도굿즈) ㅣ ACNH Miles Tickets,77674,222,648,2020-06-19T07:56:45Z,https://i.ytimg.com/vi/RXaZns7iHzI/hqdefault.jpg,"마일섬 노가다가 아닌 마일섬 투어가 되어버렸어요.
첫 목표는 성숙 주민 데려오기였으나... 예상치도 못한 주민을 만났네요!! 
400명이 넘는 주민들 중에서 제가 만난 주민은 잭슨이었어요 🥰
여러분... 도도굿즈 입고 마일섬 투어 하세요....!!",22264877674
ka1q8s96vz4,"시청자들과 함께 데려온 주민, 마일섬 투어 ㅣ모동숲 일상",77472,147,616,2023-08-12T10:21:33Z,https://i.ytimg.com/vi/ka1q8s96vz4/hqdefault.jpg,"🌴섬 이름: 크레센도
👑주민대표: 혜광
🍄팬카페: https://cafe.naver.com/hyegang2
.
안녕하세요 여러분 혜광입니다!
오늘은 시청자들과 함께 크레센도 주민을 데려왔는데요?
평소보다 긴 영상이지만 재밌게 시청해주세요!
.
🎵Music provided by 브금대통령
🎵Track : 코로 부는 리코더 - https://youtu.be/ZiuisdxF66Y
🎵Track : 뒤뚱뒤뚱 -https://youtu.be/X_88SH4Z_CQ
🎵Track : 쳇바퀴 인생 - https://youtu.be/jpo3kYQpTZs​

.
#혜광2 #동숲 #동물의숲 #모동숲 #모여봐요동물의숲 #마일섬 #마일섬투어
#주민이사 #동숲주민 #동숲일기 #마일티켓",14761677472
6HsCDgyojuQ,[설 특집] 1000트 동안 안 나온 마일섬에 숨어있는 미첼 찾기!,72655,64,1089,2022-01-31T06:00:15Z,https://i.ytimg.com/vi/6HsCDgyojuQ/hqdefault.jpg,"재밌었다면 좋아요, 구독, 알람설정!!!! 요욧!!

* 광고 문의 : buzzbean.biz@gmail.com

대도서관 / 대도서관 게임 / 동물의숲 / 미첼 / 신규주민 /  설날특집 / 설날

#대도서관 #미첼런 #설날특집",64108972655
egWuFzXbdhw,🏝️ 바델의 마일섬 완전정리! 이미지로 보는 깔끔한 마일섬 공략 🏝️,64034,51,617,2020-04-21T04:31:34Z,https://i.ytimg.com/vi/egWuFzXbdhw/hqdefault.jpg,"시작하자마자 간 섬이 지느러미섬이였는데 그것도 모르고 낚시도 안하고 그냥 나왔다는걸 깨닫고 홧김에 만들었습니다.. ㅎㅎ
p.s) 제 친구는 코로나 걸렸다는데 여러분들은 아프지 말고 집에서 해피동숲 합시다 여러분..!!! ㅠㅠㅠ

-----------------------------------------------------------------------------------------------

오늘도 제 채널에 찾아와주셔서 진심으로 감사하다는 말씀을 전합니다.

채널에 대한 피드백 및 모든 문의는

E-mail // vadelcontact@gmail.com 로 받고있습니다 :)

다시 한 번 감사합니다!  델-바!


#마일섬 #마일섬종류 #동물의숲 #모동숲 #동숲",5161764034
eF3YZmvrINY,[모동숲] 마일티켓 160장으로 위시 주민 데리고 오기 🦌,63713,65,546,2021-05-06T16:39:16Z,https://i.ytimg.com/vi/eF3YZmvrINY/hqdefault.jpg,#모동숲 #마일섬노가다 #위시주민,6554663713
UN44GrMXkSs,동물의 숲] 영원히 고통받는 마일섬 대장정,61612,109,1209,2021-11-27T10:00:25Z,https://i.ytimg.com/vi/UN44GrMXkSs/hqdefault.jpg,"동물의 숲 요비 영입한날! 풀버전 보러가기 :: https://youtu.be/uIUSnOlNIFA
재밌었다면 좋아요, 구독, 알람설정!!!! 요욧!!

* 광고 문의 : jw.jun@cj.net

대도서관 / 대도서관 게임 / 동물의 숲 / 요비

#대도서관 #동물의숲 #요비 #닌텐도 #모동숲 #마일섬",109120961612
KMeGurk4bNw,마일 티켓 100장 들고 위시 주민 찾으러 마일섬 투어 떠나기 ㅣ모동숲 일상,60621,92,507,2023-06-24T10:10:00Z,https://i.ytimg.com/vi/KMeGurk4bNw/hqdefault.jpg,"🌴섬 이름: 크레센도
👑주민대표: 혜광
🍄팬카페: https://cafe.naver.com/hyegang2

안녕하세요 여러분 혜광입니다!!
지독한 몸살로 2주만에 찾아왔는데요?
영상을 올리는 지금도! 아직 다 낫지 않아 골골되는중입니다..
2주동안 안 올리는 건 용납할 수 없어서 남자친구 더빙으로 찾아왔는데요?
영상퀄이 많이 아쉽지만 그래도 ..! 재밌게 봐주셨으면 좋겠습니다!!
다음 주 영상은 더 좋은 영상으로 찾아뵐테니 다음주에 다시 만나요!!!
.
.
🎵Music provided by 브금대통령
🎵Track : Ready To Nap -    • [https://www.youtube.com/watch?v=UZE2a9gTsDk ]
🎵Track : Piggy Cake -   • [ https://www.youtube.com/watch?v=BOsYmetTil0 ]
🎵Track : 오리가족의 외출 - • [https://youtu.be/g84nkO4afvM]
.
.
#혜광2 #동숲 #동물의숲 #모동숲 #모여봐요동물의숲 #마일섬 #마일섬투어
#주민이사 #동숲주민 #동숲일기 #마일티켓",9250760621
ua6SuotsnJY,[모동숲] 쭈니 보내고 마일섬 투어! 인기주민부터 기피주민까지 골고루 만나고 왔어요 😅 ㅣ ACNH Mystery Tour Islands,58812,202,569,2020-10-11T05:29:22Z,https://i.ytimg.com/vi/ua6SuotsnJY/hqdefault.jpg,"완두콩 1:38
귀여운데... 내눈에만 귀엽나...?

[마이디자인 및 섬 소개 영상]
🎈 https://youtu.be/dY4V0Nnr-Fo

[문의 및 팬아트]
💌  chokong0bean@naver.com (가운데 0은 숫자입니다!)",20256958812
ueYFjXIHHh4,동물의 숲] 마일섬에서 만나는 귀엽고 재미있는 주민들 l 미첼 런 2회차,56557,65,829,2021-11-25T10:45:49Z,https://i.ytimg.com/vi/ueYFjXIHHh4/hqdefault.jpg,"재밌었다면 좋아요, 구독, 알람설정!!!! 요욧!!

* 광고 문의 : jw.jun@cj.net

대도서관 / 대도서관 게임 / 동물의숲 / 닌텐도 스위치 / 업데이트 / 미첼 / 스피카 / DLC / 주민영입 

#대도서관 #모동숲 #미첼 #신규주민 #요약본 #동물의숲 #상황극",6582956557
4qM9RJbLOzc,[모동숲 팁] 마일섬 노가다 방법과 주의사항,53701,102,330,2020-04-29T23:48:33Z,https://i.ytimg.com/vi/4qM9RJbLOzc/hqdefault.jpg,"#동물의숲 #마일섬
이번 영상에서는 마일섬 노가다에 대해 알아봤습니다
전 위시는 따로 없고 그냥 귀여운 아이들 다 좋아해요
오늘은 귀여운 친구가 빨리 나와 마일 티켓을 15장밖에 쓰지 않았네요 ㅎㅎ
이번 영상도 봐주셔서 감사합니다😊
궁금한 점은 댓글로 물어보시면 최대한 답변해드릴게요!",10233053701
fr-VAiXsyZU,"모동숲 마일리지 섬 주민 데려오기! 마일섬 쭈니, 잭슨, 미애, 차둘, 사이다를 노려라! (빠른스킵)",53551,250,287,2020-07-14T02:00:03Z,https://i.ytimg.com/vi/fr-VAiXsyZU/hqdefault.jpg,"안녕하세요. 뀨꼼시입니다.
오늘은 마일리지 섬에서 주민을 데려왔답니다!


이번엔 과연 누가 나왔을지??

쭈니, 잭슨, 미애, 차둘, 사이다를 데려오기 위한 노력은 계속됩니다~



뀨뀨의 꼼지락 시간 - 뀨꼼시 / 이것저것 취미생활 이야기


#닌텐도스위치 #스위치동물의숲 #모동숲공략 #모동숲마일리지섬 #동숲 
#모동숲마일리지섬주민 #모동숲팁 #모동숲 #동물의숲 #모여봐요동물의숲
#どうぶつの森 #AnimalCrossing #ACNH #あつ森 #뀨꼼시 #뀨뀨",25028753551
DA6GuQ7MO74,마일티켓 400장 준비했습니다! 마일섬 투어 출발🎵 모동숲 일상,50080,27,348,2023-11-15T10:21:58Z,https://i.ytimg.com/vi/DA6GuQ7MO74/hqdefault.jpg,"🧡멤버십 가입
https://www.youtube.com/channel/UCdJbe2iRFRNrbBh2JXDI_xg/join
🧡후원하기 : https://toon.at/donate/short_da
🧡블로그 : short-d.tistory.com
📩메일주소 : haggoggo09@gmail.com

▬▬▬▬▬▬▬▬▬▬▬▬▬▬▬▬▬▬▬▬▬▬▬▬▬▬▬▬▬
🎵Music provided by 브금대통령
🎵Track : 뒤뚱뒤뚱 https://youtu.be/X_88SH4Z_CQ?si=_MlCVOesiMJww9DV  
🎵Track : 갑자기 멍때리기 https://youtu.be/TdQYTw-jhw8?si=82XochLgdM67o6DO
🎵Track : 여름밤의 꿈 https://youtu.be/hC29Vt9u6T0?si=wKp9stVrXbbZI6lt
▬▬▬▬▬▬▬▬▬▬▬▬▬▬▬▬▬▬▬▬▬▬▬▬▬▬▬▬▬

#모동숲 #acnh #마일섬투어",2734850080
hddA8h0BEMY,[모동숲] 마일티켓 174개로 위시 주민 데려오기 🐹🤎,49047,59,342,2021-07-15T12:21:09Z,https://i.ytimg.com/vi/hddA8h0BEMY/hqdefault.jpg,#모여봐요동물의숲 #마일섬노가다 #쭈니 #위시주민,5934249047
7tEnUL5B_8Y,[모동숲 팁] 마일섬에서 돈 벌기 | 비싼 곤충만 나오게 만드는 방법,47953,38,480,2020-05-31T06:51:36Z,https://i.ytimg.com/vi/7tEnUL5B_8Y/hqdefault.jpg,"안녕하세요 망고입니다 !
오늘은 마일 섬을 개조해 비싼 곤충을 잔뜩 잡아오는 방법을 알아봤어요
여러분들도 이 방법으로 열심히 벌어서 부자됩시다~~
오늘도 영상 시청해주셔서 감사합니다 !

#동물의숲 #돈벌기 #모동숲마일섬",3848047953
25kCQ6uaPww,[모동숲]모여봐요 동물의 숲 마일 섬 주민 노가다 어떻게 해요?,44454,135,351,2020-04-02T07:38:51Z,https://i.ytimg.com/vi/25kCQ6uaPww/hqdefault.jpg,"1.빈 집터 생성 후 하루 타임어택 (주민이 이사 나간 후 빈 집터여도 가능)
2.하루 한명 제한
3.[3,4,5번] 주민은 성격 고정
4.마일티켓은 유저간 거래를 활용하자

유웅융 채널 구독하기(subscribe)☞https://bit.ly/38lF7Yg",13535144454
omyAK3YlNSc,[모동숲] 티켓 400장으로 잭슨을 데려올 수 있을까?,43891,130,343,2020-12-19T00:45:00Z,https://i.ytimg.com/vi/omyAK3YlNSc/hqdefault.jpg,"해리포터 테마섬을 준비하고 있는 우튜브입니다.
이번 영상에서는 제 위시 주민들을 찾기위해 마일섬으로 떠날 겁니다.
과연 전 잭슨을 포함한 위시들을 데리고 올 수 있을까요?
재밌게 봐주세요~^^

-해리포터 관련 영상-

해리 포터 테마섬 꾸미기
더즐리 거실 : https://youtu.be/GqzUZQ7pvcc

삭제 장면 모음
1편 마법사의 돌 삭제 장면 : https://youtu.be/P0Z6jCmZ2p4
2편 비밀의 방 삭제 장면 1부 : https://youtu.be/aqxUGSApymQ
2편 비밀의 방 삭제 장면 2부 : https://youtu.be/N8tyvTvLTtc
2편 비밀의 방 삭제 장면 3부 : https://youtu.be/YQrSzYelklI
3편 아즈카반의 죄수 삭제 장면 : https://youtu.be/jIxclmJVd-s
4편 불의 잔 삭제 장면 : https://youtu.be/bZcPOZAwhhQ
5편 불사조 기사단 삭제 장면 : https://youtu.be/1OcweaS-Hw8
6편 혼혈왕자 삭제 장면 : https://youtu.be/rjl-Shpe_Ww
7편 죽음의 성물 1부 삭제 장면 : https://youtu.be/p0ZTP5R6_KI
8편 죽음의 성물 2부 삭제 장면 : https://youtu.be/bXm-I-TRlIg

소설 속 해리 포터
https://youtu.be/eKwEpm__FI0

헤르미온느 인종에 대한 미스터리
https://youtu.be/gpeON88fT9M

버논이 해리를 싫어한 이유
https://youtu.be/-XY5QvkwmrQ

호그와트 입학 거부당한 여자
https://youtu.be/w3gZtbHPOuA

헤르미온느가 아니라 헐마이오니? 등장인물 영어 발음
https://youtu.be/5yIWiz-otUE

꽃말로 보는 릴리, 페튜니아, 세베루스
https://youtu.be/oGSyE2jOXCM

롤링과 엠마 왓슨 인터뷰로 보는 헤르미온느
https://youtu.be/b6nXewk8Icw

구독, 좋아요, 알람 설정은 저에게 큰 힘이 됩니다.


인트로 음악
Music by MBB
https://www.youtube.com/c/mbbmusic
https://www.instagram.com/mbb_music
https://soundcloud.com/mbbofficial
https://spoti.fi/2wqzjwK


#해리포터 #모동숲 #동물의숲",13034343891
w5l8_AbqITA,[모동숲] 마일티켓 50장 들고 미애 찾아 떠나는 마일섬 투어✈🏝💦,42782,65,279,2021-10-03T00:08:49Z,https://i.ytimg.com/vi/w5l8_AbqITA/hqdefault.jpg,"힘들게 모은 마일티켓 ""미애 꼭 데려오고 싶다""

#모동숲 #마일섬노가다 #미애",6527942782
orw1qCzKzCM,크레센도에 새로운 주민들이 이사왔어요!! ㅣ모동숲 마일섬 ㅣACNH,43034,90,329,2023-06-03T09:02:06Z,https://i.ytimg.com/vi/orw1qCzKzCM/hqdefault.jpg,"🌴섬 이름: 크레센도
👑주민대표: 혜광
🍄팬카페: https://cafe.naver.com/hyegang2

안녕하세요 여러분 혜광입니다!
오늘은 저번영상 '이사노가다'편의 후편이라고 봐주시면 될 것 같습니다!!
오늘 영상도 재밌게 봐주시고 좋아요 구독 꾹꾹!! 눌러주세요 ㅎㅎ!!
.
[00:00] 인트로
[00:17] 캠핑장에 방문한 주민들
[02:13] 알아두셔야 할 세 가지
[03:58] 제 2장 마일섬투어
[04:40] 마일섬에서 만난 주민들
[08:02]아웃트로
.
.

[BGM]
🎵Music provided by 브금대통령
🎵Track : A Light Tread -    • [https://youtu.be/oea1dq0A5cY]
🎵Track : 쳇바퀴 인생 -   • [https://youtu.be/jpo3kYQpTZs​]
🎵Track : Piggy Cake -   • [ https://www.youtube.com/watch?v=BOsYmetTil0 ]
🎵Track : Ready To Nap -    • [https://www.youtube.com/watch?v=UZE2a9gTsDk ]
🎵Track : 도둑의 계획 -    • [https://www.youtube.com/watch?v=CKuI-6-Izhc&t=9s]
🎵Track : 날아라 슈퍼코기 -   • [ https://www.youtube.com/watch?v=PZlQXsEPJ6M&t=9s ]
🎵Track : Good Mood -   • [ https://youtu.be/i4yTbgUJdbk ]
.
.
#동숲 #동물의숲 #모동숲 #모여봐요동물의숲 #초기주민 #마일섬 투어 #힐링  #모동숲 꿀팁  #동숲 일기 #주민 이사 #캠핑장 주민 #주민",9032943034
fH3gF3r5-VU,마일섬 노가다의 끝! 애플이를 만났어요! 모동숲 [애니한],42078,30,86,2020-05-08T06:00:11Z,https://i.ytimg.com/vi/fH3gF3r5-VU/hqdefault.jpg,"구독 클릭~ https://goo.gl/s56Wql (구독과 좋아요 꼭꼭 눌러주세요!)
[애니한의 이야기]

주소: 서울특별시 강남구 테헤란로 521 파르나스타워 CJ E&M 다이아티비/애니한 앞
문의메일: jellydudalhan@gmail.com

#애니한 #게임 #동물의 숲

[애니한의 SNS와 웹사이트]
애니한TV 인스타 https://www.instagram.com/anniehantv/?hl=ko
애니한TV 페이스북 https://www.facebook.com/anniehantv/
네이버 TV 캐스트 http://tvcast.naver.com/anniehan
쥬니어네이버 http://jr.naver.com/creative/anniehan_play


Copyright ⓒ 2020 AnnieHanTV | AnnieHanTV All Rights Reserved.
해당 영상의 저작권은 크리에이터 애니한에게 있습니다.",308642078
E1oCdaXiqxg,미첼과 바닐라가 이사갔습니다... 주섬주섬의 새 주민은?,41674,34,337,2023-07-22T09:15:00Z,https://i.ytimg.com/vi/E1oCdaXiqxg/hqdefault.jpg,"🧡멤버십 가입
https://www.youtube.com/channel/UCdJbe2iRFRNrbBh2JXDI_xg/join
🧡후원하기 : https://toon.at/donate/short_da
📩메일주소 : haggoggo09@gmail.com

BGM
▬▬▬▬▬▬▬▬▬▬▬▬▬▬▬▬▬▬▬▬▬▬▬▬▬▬▬▬▬
🎵Music provided by 브금대통령
🎵Track :  브금의 숲
https://youtu.be/bVMW54kAO94?si=fSWkPil-K-m7i4nQ
🎵Track : 갑자기 멍때리기 https://youtu.be/TdQYTw-jhw8?si=82XochLgdM67o6DO
🎵Track : 우아한 나의 산책
https://youtu.be/i-SqEknyz1Y?si=j8pdRB99u3NRIk7y
🎵Track : Spring walk https://youtu.be/CxvrYOr4PpI?si=vsYCIHWEVigo4r2E
🎵Track : Confusing Road -   
https://youtu.be/ydPppyQQdPc
▬▬▬▬▬▬▬▬▬▬▬▬▬▬▬▬▬▬▬▬▬▬▬▬▬▬▬▬▬

#모동숲 #모여봐요동물의숲 #acnh",3433741674
5PS_Zek6vNs,모동숲 마일여행 주민이 없을때 대처방법 토지매각이 없을때 // 동린이 들을 위한 꿀팁 가이드,38004,165,348,2020-09-17T23:00:01Z,https://i.ytimg.com/vi/5PS_Zek6vNs/hqdefault.jpg,"디스코드 : https://discord.gg/kR9YUR8
위들이 트위치: https://www.twitch.tv/weedlion026
-----------------------------------------------------------------
영상편집 : 위들이
썸네일 : 위들이 
-----------------------------------------------------------------
각종 문의 및 건의 사항 : weedlion026@naver.com",16534838004
o9iMP4uA1fA,마일섬 투어 쿨타임 찼다! 새롭게 만난 친구들과 주민 교체 | 모동숲 일상,38275,41,251,2023-12-24T09:11:48Z,https://i.ytimg.com/vi/o9iMP4uA1fA/hqdefault.jpg,"🧡멤버십 가입
https://www.youtube.com/channel/UCdJbe2iRFRNrbBh2JXDI_xg/join
🧡후원하기 : https://toon.at/donate/short_da
🧡팬카페 : https://cafe.naver.com/shortdamayo
📩메일주소 : haggoggo09@gmail.com

▬▬▬▬▬▬▬▬▬▬▬▬▬▬▬▬▬▬▬▬▬▬▬▬▬▬▬▬▬
🎵Music provided by 브금대통령
🎵Track : 뒤뚱뒤뚱 https://youtu.be/X_88SH4Z_CQ?si=_MlCVOesiMJww9DV  
🎵Track : 갑자기 멍때리기 https://youtu.be/TdQYTw-jhw8?si=82XochLgdM67o6DO
🎵Track : Ready To Nap https://youtu.be/UZE2a9gTsDk?si=oWXrhCJHsnH_Kafy
🎵Track : Baby Swing https://youtu.be/c6jIGVNOGs0?si=78L6AN_BB9dz8OM3
🎵Track : Confusing Road https://youtu.be/ydPppyQQdPc?si=KiOvTkTtduJImk3Z
▬▬▬▬▬▬▬▬▬▬▬▬▬▬▬▬▬▬▬▬▬▬▬▬▬▬▬▬▬

#모동숲 #acnh #마일섬노가다",4125138275
